-- Adminer 3.5.1 MySQL dump

SET NAMES utf8;
SET foreign_key_checks = 0;
SET time_zone = 'SYSTEM';
SET sql_mode = 'NO_AUTO_VALUE_ON_ZERO';

DROP TABLE IF EXISTS `cms_entity_roots`;
CREATE TABLE `cms_entity_roots` (
  `tree_node_id` int(11) NOT NULL,
  `entity` varchar(20) COLLATE utf8_bin DEFAULT NULL,
  KEY `fk_cms_entity_roots_1` (`tree_node_id`),
  CONSTRAINT `fk_cms_entity_roots_1` FOREIGN KEY (`tree_node_id`) REFERENCES `cms_page_tree` (`tree_node_id`) ON DELETE CASCADE ON UPDATE CASCADE
) ENGINE=InnoDB DEFAULT CHARSET=utf8 COLLATE=utf8_bin;


DROP TABLE IF EXISTS `cms_ext_meta`;
CREATE TABLE `cms_ext_meta` (
  `key` varchar(100) COLLATE utf8_bin NOT NULL,
  `value` text COLLATE utf8_bin
) ENGINE=InnoDB DEFAULT CHARSET=utf8 COLLATE=utf8_bin;

INSERT INTO `cms_ext_meta` (`key`, `value`) VALUES
('1-tagAssignment',	'O:15:\"Nette\\ArrayHash\":8:{s:8:\"benefits\";b:0;s:4:\"menu\";b:1;s:4:\"list\";b:0;s:11:\"keyFeatures\";b:0;s:18:\"detailedParameters\";b:0;s:9:\"materials\";b:0;s:5:\"table\";b:0;s:10:\"dimensions\";b:0;}'),
('2-tagAssignment',	'O:15:\"Nette\\ArrayHash\":8:{s:8:\"benefits\";b:0;s:4:\"menu\";b:1;s:4:\"list\";b:0;s:11:\"keyFeatures\";b:0;s:18:\"detailedParameters\";b:0;s:9:\"materials\";b:0;s:5:\"table\";b:0;s:10:\"dimensions\";b:0;}'),
('3-tagAssignment',	'O:15:\"Nette\\ArrayHash\":8:{s:8:\"benefits\";b:0;s:4:\"menu\";b:1;s:4:\"list\";b:0;s:11:\"keyFeatures\";b:0;s:18:\"detailedParameters\";b:0;s:9:\"materials\";b:0;s:5:\"table\";b:0;s:10:\"dimensions\";b:0;}'),
('4-tagAssignment',	'O:15:\"Nette\\ArrayHash\":8:{s:8:\"benefits\";b:0;s:4:\"menu\";b:1;s:4:\"list\";b:0;s:11:\"keyFeatures\";b:0;s:18:\"detailedParameters\";b:0;s:9:\"materials\";b:0;s:5:\"table\";b:0;s:10:\"dimensions\";b:0;}'),
('27-tagAssignment',	'O:15:\"Nette\\ArrayHash\":8:{s:8:\"benefits\";b:0;s:4:\"menu\";b:1;s:4:\"list\";b:0;s:11:\"keyFeatures\";b:0;s:18:\"detailedParameters\";b:0;s:9:\"materials\";b:0;s:5:\"table\";b:0;s:10:\"dimensions\";b:0;}'),
('28-tagAssignment',	'O:15:\"Nette\\ArrayHash\":8:{s:8:\"benefits\";b:0;s:4:\"menu\";b:1;s:4:\"list\";b:0;s:11:\"keyFeatures\";b:0;s:18:\"detailedParameters\";b:0;s:9:\"materials\";b:0;s:5:\"table\";b:0;s:10:\"dimensions\";b:0;}'),
('30-tagAssignment',	'O:15:\"Nette\\ArrayHash\":8:{s:8:\"benefits\";b:0;s:4:\"menu\";b:1;s:4:\"list\";b:0;s:11:\"keyFeatures\";b:0;s:18:\"detailedParameters\";b:0;s:9:\"materials\";b:0;s:5:\"table\";b:0;s:10:\"dimensions\";b:0;}'),
('29-tagAssignment',	'O:15:\"Nette\\ArrayHash\":8:{s:8:\"benefits\";b:0;s:4:\"menu\";b:1;s:4:\"list\";b:0;s:11:\"keyFeatures\";b:0;s:18:\"detailedParameters\";b:0;s:9:\"materials\";b:0;s:5:\"table\";b:0;s:10:\"dimensions\";b:0;}'),
('31-tagAssignment',	'O:15:\"Nette\\ArrayHash\":8:{s:8:\"benefits\";b:0;s:4:\"menu\";b:1;s:4:\"list\";b:0;s:11:\"keyFeatures\";b:0;s:18:\"detailedParameters\";b:0;s:9:\"materials\";b:0;s:5:\"table\";b:0;s:10:\"dimensions\";b:0;}'),
('32-tagAssignment',	'O:15:\"Nette\\ArrayHash\":8:{s:8:\"benefits\";b:0;s:4:\"menu\";b:1;s:4:\"list\";b:0;s:11:\"keyFeatures\";b:0;s:18:\"detailedParameters\";b:0;s:9:\"materials\";b:0;s:5:\"table\";b:0;s:10:\"dimensions\";b:0;}'),
('33-tagAssignment',	'O:15:\"Nette\\ArrayHash\":8:{s:8:\"benefits\";b:0;s:4:\"menu\";b:1;s:4:\"list\";b:0;s:11:\"keyFeatures\";b:0;s:18:\"detailedParameters\";b:0;s:9:\"materials\";b:0;s:5:\"table\";b:0;s:10:\"dimensions\";b:0;}'),
('36-tagAssignment',	'O:15:\"Nette\\ArrayHash\":8:{s:8:\"benefits\";b:0;s:4:\"menu\";b:1;s:4:\"list\";b:0;s:11:\"keyFeatures\";b:0;s:18:\"detailedParameters\";b:0;s:9:\"materials\";b:0;s:5:\"table\";b:0;s:10:\"dimensions\";b:0;}'),
('37-tagAssignment',	'O:15:\"Nette\\ArrayHash\":8:{s:8:\"benefits\";b:0;s:4:\"menu\";b:1;s:4:\"list\";b:0;s:11:\"keyFeatures\";b:0;s:18:\"detailedParameters\";b:0;s:9:\"materials\";b:0;s:5:\"table\";b:0;s:10:\"dimensions\";b:0;}'),
('38-tagAssignment',	'O:15:\"Nette\\ArrayHash\":8:{s:8:\"benefits\";b:0;s:4:\"menu\";b:1;s:4:\"list\";b:0;s:11:\"keyFeatures\";b:0;s:18:\"detailedParameters\";b:0;s:9:\"materials\";b:0;s:5:\"table\";b:0;s:10:\"dimensions\";b:0;}'),
('39-tagAssignment',	'O:15:\"Nette\\ArrayHash\":8:{s:8:\"benefits\";b:0;s:4:\"menu\";b:1;s:4:\"list\";b:0;s:11:\"keyFeatures\";b:0;s:18:\"detailedParameters\";b:0;s:9:\"materials\";b:0;s:5:\"table\";b:0;s:10:\"dimensions\";b:0;}'),
('40-tagAssignment',	'O:15:\"Nette\\ArrayHash\":8:{s:8:\"benefits\";b:0;s:4:\"menu\";b:1;s:4:\"list\";b:0;s:11:\"keyFeatures\";b:0;s:18:\"detailedParameters\";b:0;s:9:\"materials\";b:0;s:5:\"table\";b:0;s:10:\"dimensions\";b:0;}'),
('41-tagAssignment',	'O:15:\"Nette\\ArrayHash\":8:{s:8:\"benefits\";b:0;s:4:\"menu\";b:1;s:4:\"list\";b:0;s:11:\"keyFeatures\";b:0;s:18:\"detailedParameters\";b:0;s:9:\"materials\";b:0;s:5:\"table\";b:0;s:10:\"dimensions\";b:0;}'),
('42-tagAssignment',	'O:15:\"Nette\\ArrayHash\":8:{s:8:\"benefits\";b:0;s:4:\"menu\";b:1;s:4:\"list\";b:0;s:11:\"keyFeatures\";b:0;s:18:\"detailedParameters\";b:0;s:9:\"materials\";b:0;s:5:\"table\";b:0;s:10:\"dimensions\";b:0;}'),
('43-tagAssignment',	'O:15:\"Nette\\ArrayHash\":8:{s:8:\"benefits\";b:0;s:4:\"menu\";b:1;s:4:\"list\";b:0;s:11:\"keyFeatures\";b:0;s:18:\"detailedParameters\";b:0;s:9:\"materials\";b:0;s:5:\"table\";b:0;s:10:\"dimensions\";b:0;}'),
('44-tagAssignment',	'O:15:\"Nette\\ArrayHash\":8:{s:8:\"benefits\";b:0;s:4:\"menu\";b:1;s:4:\"list\";b:0;s:11:\"keyFeatures\";b:0;s:18:\"detailedParameters\";b:0;s:9:\"materials\";b:0;s:5:\"table\";b:0;s:10:\"dimensions\";b:0;}'),
('34-tagAssignment',	'O:15:\"Nette\\ArrayHash\":8:{s:8:\"benefits\";b:0;s:4:\"menu\";b:1;s:4:\"list\";b:0;s:11:\"keyFeatures\";b:0;s:18:\"detailedParameters\";b:0;s:9:\"materials\";b:0;s:5:\"table\";b:0;s:10:\"dimensions\";b:0;}'),
('35-tagAssignment',	'O:15:\"Nette\\ArrayHash\":8:{s:8:\"benefits\";b:0;s:4:\"menu\";b:1;s:4:\"list\";b:0;s:11:\"keyFeatures\";b:0;s:18:\"detailedParameters\";b:0;s:9:\"materials\";b:0;s:5:\"table\";b:0;s:10:\"dimensions\";b:0;}'),
('25-tagAssignment',	'O:15:\"Nette\\ArrayHash\":8:{s:8:\"benefits\";b:0;s:4:\"menu\";b:1;s:4:\"list\";b:0;s:11:\"keyFeatures\";b:0;s:18:\"detailedParameters\";b:0;s:9:\"materials\";b:0;s:5:\"table\";b:0;s:10:\"dimensions\";b:0;}'),
('26-tagAssignment',	'O:15:\"Nette\\ArrayHash\":8:{s:8:\"benefits\";b:0;s:4:\"menu\";b:1;s:4:\"list\";b:0;s:11:\"keyFeatures\";b:0;s:18:\"detailedParameters\";b:0;s:9:\"materials\";b:0;s:5:\"table\";b:0;s:10:\"dimensions\";b:0;}');

DROP TABLE IF EXISTS `cms_ext_params`;
CREATE TABLE `cms_ext_params` (
  `ext_param_id` int(11) NOT NULL AUTO_INCREMENT,
  `ext_tree_node_id` int(11) NOT NULL,
  `lang` varchar(5) CHARACTER SET utf8 NOT NULL,
  `param_name` text CHARACTER SET utf8,
  `param_value` text CHARACTER SET utf8,
  PRIMARY KEY (`ext_param_id`),
  KEY `fk_cms_ext_params_1` (`ext_tree_node_id`),
  KEY `index3` (`lang`),
  CONSTRAINT `fk_cms_ext_params_1` FOREIGN KEY (`ext_tree_node_id`) REFERENCES `cms_ext_tree` (`ext_tree_node_id`) ON DELETE CASCADE ON UPDATE CASCADE
) ENGINE=InnoDB DEFAULT CHARSET=utf8 COLLATE=utf8_bin;

INSERT INTO `cms_ext_params` (`ext_param_id`, `ext_tree_node_id`, `lang`, `param_name`, `param_value`) VALUES
(1,	1,	'en',	'Printing decks',	'a:2:{s:6:\"metric\";s:6:\"10 (8)\";s:8:\"imperial\";s:6:\"10 (8)\";}'),
(2,	1,	'cs',	'Počet barevníků',	'a:2:{s:6:\"metric\";s:6:\"10 (8)\";s:8:\"imperial\";s:6:\"10 (8)\";}'),
(3,	1,	'cn',	'印刷色组数量',	'a:2:{s:6:\"metric\";s:6:\"10 (8)\";s:8:\"imperial\";s:6:\"10 (8)\";}'),
(4,	1,	'ru',	'красочных аппаратов',	'a:2:{s:6:\"metric\";s:6:\"10 (8)\";s:8:\"imperial\";s:6:\"10 (8)\";}'),
(5,	2,	'en',	'Print width',	'a:2:{s:6:\"metric\";s:14:\"1050 / 1270 mm\";s:8:\"imperial\";s:10:\"41.3 / 50\"\";}'),
(6,	2,	'cs',	'Šíře tisku',	'a:2:{s:6:\"metric\";s:14:\"1050 / 1270 mm\";s:8:\"imperial\";s:10:\"41.3 / 50\"\";}'),
(7,	2,	'cn',	'印刷宽度',	'a:2:{s:6:\"metric\";s:14:\"1050 / 1270 mm\";s:8:\"imperial\";s:10:\"41.3 / 50\"\";}'),
(8,	2,	'ru',	'ширина печати',	'a:2:{s:6:\"metric\";s:14:\"1050 / 1270 mm\";s:8:\"imperial\";s:10:\"41.3 / 50\"\";}'),
(9,	3,	'en',	'Print length',	'a:2:{s:6:\"metric\";s:19:\"330 - 850 (1300) mm\";s:8:\"imperial\";s:19:\"13 – 33.5 (52.2\")\";}'),
(10,	3,	'cs',	'Délka tisku',	'a:2:{s:6:\"metric\";s:19:\"330 - 850 (1300) mm\";s:8:\"imperial\";s:19:\"13 – 33.5 (52.2\")\";}'),
(11,	3,	'cn',	'机械速度',	'a:2:{s:6:\"metric\";s:19:\"330 - 850 (1300) mm\";s:8:\"imperial\";s:19:\"13 – 33.5 (52.2\")\";}'),
(12,	3,	'ru',	'длина печати',	'a:2:{s:6:\"metric\";s:19:\"330 - 850 (1300) mm\";s:8:\"imperial\";s:19:\"13 – 33.5 (52.2\")\";}'),
(13,	4,	'en',	'Speed',	'a:2:{s:6:\"metric\";s:22:\"450 / 600 m/min option\";s:8:\"imperial\";s:22:\"1476 / 1968 fpm option\";}'),
(14,	4,	'cs',	'Rychlost',	'a:2:{s:6:\"metric\";s:22:\"450 / 600 m/min option\";s:8:\"imperial\";s:22:\"1476 / 1968 fpm option\";}'),
(15,	4,	'cn',	'速度',	'a:2:{s:6:\"metric\";s:22:\"450 / 600 m/min option\";s:8:\"imperial\";s:22:\"1476 / 1968 fpm option\";}'),
(16,	4,	'ru',	'скорость',	'a:2:{s:6:\"metric\";s:22:\"450 / 600 m/min option\";s:8:\"imperial\";s:22:\"1476 / 1968 fpm option\";}'),
(17,	25,	'en',	'Slitter type',	NULL),
(18,	25,	'cs',	'Typ řezačky',	NULL),
(19,	25,	'cn',	'设备类型',	NULL),
(20,	25,	'ru',	'тип бобинорезки',	NULL),
(21,	26,	'en',	'Web width',	NULL),
(22,	26,	'cs',	'Šíře materiálu',	NULL),
(23,	26,	'cn',	'材料宽度',	NULL),
(24,	26,	'ru',	'ширина материала',	NULL),
(25,	27,	'en',	'Speed',	NULL),
(26,	27,	'cs',	'Rychlost',	NULL),
(27,	27,	'cn',	'机械速度',	NULL),
(28,	27,	'ru',	'скорость',	NULL),
(29,	28,	'en',	'Rewind roll diameter',	NULL),
(30,	28,	'cs',	'Průměr navíjené role',	NULL),
(31,	28,	'cn',	'复卷直径',	NULL),
(32,	28,	'ru',	'диаметр наматываемого рулона',	NULL),
(33,	29,	'en',	'Web width',	NULL),
(34,	29,	'cs',	'Šíře materiálu',	NULL),
(35,	29,	'cn',	'材料宽度',	NULL),
(36,	29,	'ru',	'ширина материала',	NULL),
(37,	30,	'en',	'Speed',	NULL),
(38,	30,	'cs',	'Rychlost',	NULL),
(39,	30,	'cn',	'机械速度',	NULL),
(40,	30,	'ru',	'скорость',	NULL),
(41,	31,	'en',	'Roll diameter / weight',	NULL),
(42,	31,	'cs',	'Průměr / hmotnost role',	NULL),
(43,	31,	'cn',	'开卷直径 / 重量',	NULL),
(44,	31,	'ru',	'диаметр / вес рулона',	NULL),
(45,	32,	'en',	'Lamination type',	NULL),
(46,	32,	'cs',	'Druh laminace',	NULL),
(47,	32,	'cn',	'复合工艺',	NULL),
(48,	32,	'ru',	'тип ламинации',	NULL),
(49,	33,	'en',	'Max. print width',	NULL),
(50,	33,	'cs',	'Max. šíře tisku',	NULL),
(51,	33,	'cn',	'最大印刷宽度',	NULL),
(52,	33,	'ru',	'ширина печати, не более',	NULL),
(53,	34,	'en',	'Max. print length',	NULL),
(54,	34,	'cs',	'Max. tisková délka',	NULL),
(55,	34,	'cn',	'最大印刷重复长度',	NULL),
(56,	34,	'ru',	'длина печати, не более',	NULL),
(57,	35,	'en',	'Min. print length',	NULL),
(58,	35,	'cs',	'Min. tisková délka',	NULL),
(59,	35,	'cn',	'最小印刷重复长度',	NULL),
(60,	35,	'ru',	'длина печати, не менее',	NULL),
(61,	36,	'en',	'Magnification',	NULL),
(62,	36,	'cs',	'Optické zvětšení',	NULL),
(63,	36,	'cn',	'光学放大倍率',	NULL),
(64,	36,	'ru',	'оптическое увеличение',	NULL),
(65,	37,	'en',	'Max. master roll width',	NULL),
(66,	37,	'cs',	'Šíře materiálu',	NULL),
(67,	37,	'cn',	'材料宽度',	NULL),
(68,	37,	'ru',	'ширина материала',	NULL),
(69,	38,	'en',	'Sheet width range',	NULL),
(70,	38,	'cs',	'Rozsah šíře formátů',	NULL),
(71,	38,	'cn',	'单张宽度范围',	NULL),
(72,	38,	'ru',	'диапазон форматов',	NULL),
(73,	39,	'en',	'Sheet length range',	NULL),
(74,	39,	'cs',	'Délky sekaných formátů',	NULL),
(75,	39,	'cn',	'单张长度范围',	NULL),
(76,	39,	'ru',	'диапазон длины форматов',	NULL),
(77,	40,	'en',	'Speed',	NULL),
(78,	40,	'cs',	'Rychlost',	NULL),
(79,	40,	'cn',	'机械速度',	NULL),
(80,	40,	'ru',	'скорость',	NULL),
(81,	41,	'en',	'Material width',	NULL),
(82,	41,	'cs',	'Šíře materiálu',	NULL),
(83,	41,	'cn',	'材料宽度',	NULL),
(84,	41,	'ru',	'ширина материала',	NULL),
(85,	42,	'en',	'Maximum foil diameter',	NULL),
(86,	42,	'cs',	'Průměr odvíjené role',	NULL),
(87,	42,	'cn',	'开卷直径',	NULL),
(88,	42,	'ru',	'диаметр рулона',	NULL),
(89,	43,	'en',	'Maximal die cutting cycle',	NULL),
(90,	43,	'cs',	'Takt vysekávání max.',	NULL),
(91,	43,	'cn',	'模切频率',	NULL),
(92,	43,	'ru',	'такт вырубки, не более',	NULL),
(93,	44,	'en',	'Foil shift range',	NULL),
(94,	44,	'cs',	'Posun pásu',	NULL),
(95,	44,	'cn',	'',	NULL),
(96,	44,	'ru',	'ход ленты',	NULL),
(97,	77,	'en',	'Productivity and efficiency',	'O:15:\"Nette\\ArrayHash\":3:{s:4:\"text\";s:0:\"\";s:7:\"x_coord\";s:0:\"\";s:7:\"y_coord\";s:0:\"\";}'),
(98,	77,	'cs',	'Produktivita a efektivita',	'O:15:\"Nette\\ArrayHash\":3:{s:4:\"text\";s:0:\"\";s:7:\"x_coord\";s:0:\"\";s:7:\"y_coord\";s:0:\"\";}'),
(99,	77,	'cn',	'生产能力和工作效率',	'O:15:\"Nette\\ArrayHash\":3:{s:4:\"text\";s:0:\"\";s:7:\"x_coord\";s:0:\"\";s:7:\"y_coord\";s:0:\"\";}'),
(100,	77,	'ru',	'Производительность и эффективность',	'O:15:\"Nette\\ArrayHash\":3:{s:4:\"text\";s:0:\"\";s:7:\"x_coord\";s:0:\"\";s:7:\"y_coord\";s:0:\"\";}'),
(101,	78,	'en',	'Innovative gearless technology',	'O:15:\"Nette\\ArrayHash\":4:{s:4:\"text\";s:338:\"<p><span>AC motors in combination with frequency converters provide fast acceleration/deceleration with a working tension as low as 10 N which is important for thin films. Direct drives for printing and anilox cylinders including electronic controls and software ensure reliable gearless technology on well proven applications.</span></p>\";s:7:\"x_coord\";s:3:\"166\";s:7:\"y_coord\";s:3:\"168\";s:5:\"image\";s:168:\"<div id=\"12\" class=\"mceCMSFile\">imperia_1.jpg\r\n<p style=\"text-align: center;\"><img src=\"/cms2/www/js/tiny_mce/plugins/vd/img/icons/image_icon.png\" alt=\"\" /></p>\r\n</div>\";}'),
(102,	78,	'cs',	'Inovovaná technologie přímých pohonů',	'O:15:\"Nette\\ArrayHash\":4:{s:4:\"text\";s:699:\"<p><span>Asynchronn&iacute; elektromotory v kombinaci s frekvenčn&iacute;mi měniči zabezpečuj&iacute; rychl&eacute; a plynul&eacute; zrychlen&iacute; a zpomalen&iacute; pohybuj&iacute;c&iacute;ch se hmot. Pohony stroje umožňuj&iacute; dosažen&iacute; velice n&iacute;zk&eacute; &uacute;rovně tahu p&aacute;su - až 10N, což je důležit&eacute; u tenk&yacute;ch potiskovan&yacute;ch materi&aacute;lů. Př&iacute;m&eacute; pohony formov&yacute;ch a rastrov&yacute;ch v&aacute;lců včetně ř&iacute;dic&iacute; elektroniky a softwaru zaručuj&iacute; spolehlivou a mnoh&yacute;mi aplikacemi prověřenou &uacute;roveň zvl&aacute;dnut&iacute; &ldquo;gearless&rdquo; technologie.</span></p>\";s:7:\"x_coord\";s:3:\"166\";s:7:\"y_coord\";s:3:\"168\";s:5:\"image\";s:168:\"<div id=\"12\" class=\"mceCMSFile\">imperia_1.jpg\r\n<p style=\"text-align: center;\"><img src=\"/cms2/www/js/tiny_mce/plugins/vd/img/icons/image_icon.png\" alt=\"\" /></p>\r\n</div>\";}'),
(103,	78,	'cn',	'创新无齿轮直接驱动技术',	'O:15:\"Nette\\ArrayHash\":4:{s:4:\"text\";s:346:\"<p><span>变频器控制的交流伺服电机，可以保证转动部件快速流畅的加速与减速。设备驱动可以控制小到10N的张力，这一点对印刷超薄型的承印材料非常重要。直接驱动印版滚筒、网纹辊、电气部分，经长期验证，证明完美的运用了&ldquo;无齿轮&ldquo;技术。</span></p>\";s:7:\"x_coord\";s:3:\"166\";s:7:\"y_coord\";s:3:\"168\";s:5:\"image\";s:168:\"<div id=\"12\" class=\"mceCMSFile\">imperia_1.jpg\r\n<p style=\"text-align: center;\"><img src=\"/cms2/www/js/tiny_mce/plugins/vd/img/icons/image_icon.png\" alt=\"\" /></p>\r\n</div>\";}'),
(104,	78,	'ru',	'Инновационная технология прямых приводов',	'O:15:\"Nette\\ArrayHash\":4:{s:4:\"text\";s:903:\"<p><span>Асинхронные электродвигатели в сочетании с частотными преобразователями обеспечивают быстрый и плавный разгон и торможение движущихся элементов. Приводы машины позволяют добиться очень низкого уровня натяжения материала &ndash; до 10 Н, что является важным для запечатки тонких материалов. Прямые привода формных и растровых валов, включая электронику управления и программное обеспечение, гарантируют надежный и многократно проверенный уровень освоения &ldquo;gearless&rdquo; технологии.</span></p>\";s:7:\"x_coord\";s:3:\"166\";s:7:\"y_coord\";s:3:\"168\";s:5:\"image\";s:168:\"<div id=\"12\" class=\"mceCMSFile\">imperia_1.jpg\r\n<p style=\"text-align: center;\"><img src=\"/cms2/www/js/tiny_mce/plugins/vd/img/icons/image_icon.png\" alt=\"\" /></p>\r\n</div>\";}'),
(105,	79,	'en',	'Inkflow elite ink pumps',	'O:15:\"Nette\\ArrayHash\":4:{s:4:\"text\";s:383:\"<p><span>New generation ink pumps are equipped with inking loop for the printing deck and independently controlled twin pumps. This enables suction at ingress and egress to be controlled. Both pumps and valves are located on a sliding platform. By disconnecting the fast action fastenings it is possible to push-off the whole paltform and quickly change this with a spare.</span></p>\";s:7:\"x_coord\";s:3:\"162\";s:7:\"y_coord\";s:3:\"214\";s:5:\"image\";s:168:\"<div id=\"13\" class=\"mceCMSFile\">imperia_2.jpg\r\n<p style=\"text-align: center;\"><img src=\"/cms2/www/js/tiny_mce/plugins/vd/img/icons/image_icon.png\" alt=\"\" /></p>\r\n</div>\";}'),
(106,	79,	'cs',	'Inkflow elite čerpání barev',	'O:15:\"Nette\\ArrayHash\":4:{s:4:\"text\";s:673:\"<p><span>Nov&aacute; generace čerp&aacute;n&iacute; barev. V každ&eacute;m okruhu čerp&aacute;n&iacute; pro jednotliv&yacute; barevn&iacute;k jsou nainstalov&aacute;na dvě čerpadla, kter&aacute; jsou regulov&aacute;na nez&aacute;visle na sobě, což umožňuje kontrolovat poměr sac&iacute; a v&yacute;tlačn&eacute; s&iacute;ly. Obě čerpadla společně s ventily jsou um&iacute;stěny na v&yacute;suvn&eacute; kazetě čerpac&iacute; jednotky. Pomoc&iacute; rychloup&iacute;načů je čerpac&iacute; jednotka odpojena, celou kazetu lze vysunout a pohodlně a rychle vyměnit za jinou n&aacute;hradn&iacute; nebo prov&eacute;st opravu pohodlně na stole.</span></p>\";s:7:\"x_coord\";s:3:\"162\";s:7:\"y_coord\";s:3:\"214\";s:5:\"image\";s:168:\"<div id=\"13\" class=\"mceCMSFile\">imperia_2.jpg\r\n<p style=\"text-align: center;\"><img src=\"/cms2/www/js/tiny_mce/plugins/vd/img/icons/image_icon.png\" alt=\"\" /></p>\r\n</div>\";}'),
(107,	79,	'cn',	'INKFLOW ELITE供墨系统',	'O:15:\"Nette\\ArrayHash\":4:{s:4:\"text\";s:290:\"<p><span>新一代供墨系统。在所有颜色的循环系统中都有两个独立控制的墨泵，可以控制吸墨和送墨的比例。这两个墨泵位于供墨装置的可移动板上。可移动式面板可以快速装卸和更换，或者放在桌子上进行整理。</span></p>\";s:7:\"x_coord\";s:3:\"162\";s:7:\"y_coord\";s:3:\"214\";s:5:\"image\";s:168:\"<div id=\"13\" class=\"mceCMSFile\">imperia_2.jpg\r\n<p style=\"text-align: center;\"><img src=\"/cms2/www/js/tiny_mce/plugins/vd/img/icons/image_icon.png\" alt=\"\" /></p>\r\n</div>\";}'),
(108,	79,	'ru',	'INKFLOW ELITE подача краски',	'O:15:\"Nette\\ArrayHash\":4:{s:4:\"text\";s:895:\"<p><span>Новое поколение подачи краски. В каждом округе подачи краски для отдельных красочных аппаратов установлены два насоса, которые регулируются независимо друг от друга, что позволяет контролировать соотношение всасываемой и выталкивающей силы. Оба насоса с клапанами находятся на вытяжном блоке системы подачи краски. С помощью быстрозажимных муфт система подачи краски отсоединена, целый блок можно легко извлечь и быстро заменить другим или удобно отремонтировать на столе.</span></p>\";s:7:\"x_coord\";s:3:\"162\";s:7:\"y_coord\";s:3:\"214\";s:5:\"image\";s:168:\"<div id=\"13\" class=\"mceCMSFile\">imperia_2.jpg\r\n<p style=\"text-align: center;\"><img src=\"/cms2/www/js/tiny_mce/plugins/vd/img/icons/image_icon.png\" alt=\"\" /></p>\r\n</div>\";}'),
(109,	80,	'en',	'Inkstorm auto wash-up',	'O:15:\"Nette\\ArrayHash\":4:{s:4:\"text\";s:697:\"<p><span>The INKSTORM auto wash-up system ensures perfect suction of residual ink from the complete inking system and minimises ink waste generally associated with traditional automatic wash-up systems. INKSTORM washes the complete inking syst&eacute;m including doctor blade chambers, anilox sleeves, connecting hoses, pumping hoses and filter cage. The system offers several standard washing programmes and individual cycles depending on customer needs. The shortest washing cycle takes three minutes and consumes six litres of solvent. The auto wash-up cycle can run simultaneously on unused printing decks while the press is running a job and significantly shortens make-ready time.</span></p>\";s:7:\"x_coord\";s:0:\"\";s:7:\"y_coord\";s:0:\"\";s:5:\"image\";s:0:\"\";}'),
(110,	80,	'cs',	'',	'O:15:\"Nette\\ArrayHash\":4:{s:4:\"text\";s:0:\"\";s:7:\"x_coord\";s:0:\"\";s:7:\"y_coord\";s:0:\"\";s:5:\"image\";s:0:\"\";}'),
(111,	80,	'cn',	'',	'O:15:\"Nette\\ArrayHash\":4:{s:4:\"text\";s:0:\"\";s:7:\"x_coord\";s:0:\"\";s:7:\"y_coord\";s:0:\"\";s:5:\"image\";s:0:\"\";}'),
(112,	80,	'ru',	'',	'O:15:\"Nette\\ArrayHash\":4:{s:4:\"text\";s:0:\"\";s:7:\"x_coord\";s:0:\"\";s:7:\"y_coord\";s:0:\"\";s:5:\"image\";s:0:\"\";}'),
(113,	81,	'en',	'Fast adapt self-adapting chamber setting',	'O:15:\"Nette\\ArrayHash\":4:{s:4:\"text\";s:571:\"<p><span>Our patended system of doctor blade housing and self-adjusting chamber setting compensates for doctor blade wear by maintaining a constant angle to the anilox sleeve surface throughout blade life. An unchanged doctor blade geometry ensures longer life depending on blade type and eliminates pressure changes. The self-adjusting setting eliminates the influence of pressure changes in the inking system on the doctor blade chamber position and doctor blade. This also allows the doctor blade chamber to return to its operating position after throw-off.</span></p>\";s:7:\"x_coord\";s:0:\"\";s:7:\"y_coord\";s:0:\"\";s:5:\"image\";s:0:\"\";}'),
(114,	81,	'cs',	'',	'O:15:\"Nette\\ArrayHash\":4:{s:4:\"text\";s:0:\"\";s:7:\"x_coord\";s:0:\"\";s:7:\"y_coord\";s:0:\"\";s:5:\"image\";s:0:\"\";}'),
(115,	81,	'cn',	'',	'O:15:\"Nette\\ArrayHash\":4:{s:4:\"text\";s:0:\"\";s:7:\"x_coord\";s:0:\"\";s:7:\"y_coord\";s:0:\"\";s:5:\"image\";s:0:\"\";}'),
(116,	81,	'ru',	'',	'O:15:\"Nette\\ArrayHash\":4:{s:4:\"text\";s:0:\"\";s:7:\"x_coord\";s:0:\"\";s:7:\"y_coord\";s:0:\"\";s:5:\"image\";s:0:\"\";}'),
(117,	82,	'en',	'Falcon II Intelligent Job Setting',	'O:15:\"Nette\\ArrayHash\":4:{s:4:\"text\";s:818:\"<p><span>Automatic impression setting and semi-automatic register system. The printing and anilox cylinder support position is automatically set up from printing or by automatic impression setup system. The automatic impression set-up is carried out without printing and with PLATE SAFE function (printing plate protection). The impression setting is achieved without printing so it is possible to go back to the unprinted material and unwind roll and set the register from zero. Longitudinal and cross register positions are automatically set up through the SMART REGISTER system. This system minimises material waste by assessing the static print register marks. The system represents outstanding time saving for new job setting and material saving for short and medium jobs. Total material waste is 50 m.</span></p>\";s:7:\"x_coord\";s:0:\"\";s:7:\"y_coord\";s:0:\"\";s:5:\"image\";s:0:\"\";}'),
(118,	82,	'cs',	'',	'O:15:\"Nette\\ArrayHash\":4:{s:4:\"text\";s:0:\"\";s:7:\"x_coord\";s:0:\"\";s:7:\"y_coord\";s:0:\"\";s:5:\"image\";s:0:\"\";}'),
(119,	82,	'cn',	'',	'O:15:\"Nette\\ArrayHash\":4:{s:4:\"text\";s:0:\"\";s:7:\"x_coord\";s:0:\"\";s:7:\"y_coord\";s:0:\"\";s:5:\"image\";s:0:\"\";}'),
(120,	82,	'ru',	'',	'O:15:\"Nette\\ArrayHash\":4:{s:4:\"text\";s:0:\"\";s:7:\"x_coord\";s:0:\"\";s:7:\"y_coord\";s:0:\"\";s:5:\"image\";s:0:\"\";}'),
(121,	83,	'en',	'CDTS - central drum thermal stabilisation',	'O:15:\"Nette\\ArrayHash\":4:{s:4:\"text\";s:890:\"<p><span>CDTS is a patented thermal stabilisation system that regulates the temperature of the central cylinder to ambient temperature. This In combination with an electronic pressure compensator that responds instantly to the central cylinder temperature from the machine frame is the greatest guarantee for print stability.</span><br /><span>This solution ensures accurate permanent print pressure settings independently of changes in temperature conditions around the machine. This system also ensures maximum effectiviness in combination with software recipes where every manufacturing job has its optimum parameters stored, including ambient temperature. When the job is recalled and the ambient temperature does not correspond to the original temperature, the thermal stabilization system automatically compensates for the imbalance and the resulting print is not affected.</span></p>\";s:7:\"x_coord\";s:0:\"\";s:7:\"y_coord\";s:0:\"\";s:5:\"image\";s:0:\"\";}'),
(122,	83,	'cs',	'',	'O:15:\"Nette\\ArrayHash\":4:{s:4:\"text\";s:0:\"\";s:7:\"x_coord\";s:0:\"\";s:7:\"y_coord\";s:0:\"\";s:5:\"image\";s:0:\"\";}'),
(123,	83,	'cn',	'',	'O:15:\"Nette\\ArrayHash\":4:{s:4:\"text\";s:0:\"\";s:7:\"x_coord\";s:0:\"\";s:7:\"y_coord\";s:0:\"\";s:5:\"image\";s:0:\"\";}'),
(124,	83,	'ru',	'',	'O:15:\"Nette\\ArrayHash\":4:{s:4:\"text\";s:0:\"\";s:7:\"x_coord\";s:0:\"\";s:7:\"y_coord\";s:0:\"\";s:5:\"image\";s:0:\"\";}'),
(125,	84,	'en',	'PCTS – printing cylinder thermal stabilisation',	'O:15:\"Nette\\ArrayHash\":4:{s:4:\"text\";s:1040:\"<p><span>Patented thermal stabilisation of the print and anilox cylinders is an important shield against heat acting on sleeves, printing plates and consequently, on the printing dots. Anilox and printing cylinders are affected by the law of thermal expansion as are all other parts involved in the printing process. The greatest source of heat in this case is not only from the cylinder direct drives, but also from the bearings. Our patented system is based on the principle of automatic temperature control according to the frame temperature. This leads to the elimination of any dimensional changes of the printing sleeves as a result of thermal expansion from drive temperature loss. Another possible source of heat affecting the print sleeves is between the deck drying heads. The thermal stabilisation system totally eliminates the influence of hot air to the printing plates. The main benefits are constant print sleeve diamter and print pressure that ensure the same print quality through the software menus and recipes.</span></p>\";s:7:\"x_coord\";s:0:\"\";s:7:\"y_coord\";s:0:\"\";s:5:\"image\";s:0:\"\";}'),
(126,	84,	'cs',	'',	'O:15:\"Nette\\ArrayHash\":4:{s:4:\"text\";s:0:\"\";s:7:\"x_coord\";s:0:\"\";s:7:\"y_coord\";s:0:\"\";s:5:\"image\";s:0:\"\";}'),
(127,	84,	'cn',	'',	'O:15:\"Nette\\ArrayHash\":4:{s:4:\"text\";s:0:\"\";s:7:\"x_coord\";s:0:\"\";s:7:\"y_coord\";s:0:\"\";s:5:\"image\";s:0:\"\";}'),
(128,	84,	'ru',	'',	'O:15:\"Nette\\ArrayHash\":4:{s:4:\"text\";s:0:\"\";s:7:\"x_coord\";s:0:\"\";s:7:\"y_coord\";s:0:\"\";s:5:\"image\";s:0:\"\";}'),
(129,	85,	'en',	'Operator comfort',	'O:15:\"Nette\\ArrayHash\":4:{s:4:\"text\";s:0:\"\";s:7:\"x_coord\";s:0:\"\";s:7:\"y_coord\";s:0:\"\";s:5:\"image\";s:0:\"\";}'),
(130,	85,	'cs',	'',	'O:15:\"Nette\\ArrayHash\":4:{s:4:\"text\";s:0:\"\";s:7:\"x_coord\";s:0:\"\";s:7:\"y_coord\";s:0:\"\";s:5:\"image\";s:0:\"\";}'),
(131,	85,	'cn',	'',	'O:15:\"Nette\\ArrayHash\":4:{s:4:\"text\";s:0:\"\";s:7:\"x_coord\";s:0:\"\";s:7:\"y_coord\";s:0:\"\";s:5:\"image\";s:0:\"\";}'),
(132,	85,	'ru',	'',	'O:15:\"Nette\\ArrayHash\":4:{s:4:\"text\";s:0:\"\";s:7:\"x_coord\";s:0:\"\";s:7:\"y_coord\";s:0:\"\";s:5:\"image\";s:0:\"\";}'),
(133,	86,	'en',	'Fast blade exchange',	'O:15:\"Nette\\ArrayHash\":4:{s:4:\"text\";s:682:\"<p><span>The doctor blade chamber design allows very simple exchange within the machine by turning an excentric key located at the at its side. This concept makes changing blades and seals a simple and fast operation. Simple design and a non-stick surface allow easy doctor blade chamber cleaning. The patented, non-stick nano technology surface, POSITEC was developed in cooperation with the Research Institute and Technical University in Czech Republic. It is a surface film based on PTFE with excluded nano dispersions affecting mechanical and physical surface film characteristics. The main objectives were on chemical resistance, surface tension and wear resistance.</span></p>\";s:7:\"x_coord\";s:0:\"\";s:7:\"y_coord\";s:0:\"\";s:5:\"image\";s:0:\"\";}'),
(134,	86,	'cs',	'',	'O:15:\"Nette\\ArrayHash\":4:{s:4:\"text\";s:0:\"\";s:7:\"x_coord\";s:0:\"\";s:7:\"y_coord\";s:0:\"\";s:5:\"image\";s:0:\"\";}'),
(135,	86,	'cn',	'',	'O:15:\"Nette\\ArrayHash\":4:{s:4:\"text\";s:0:\"\";s:7:\"x_coord\";s:0:\"\";s:7:\"y_coord\";s:0:\"\";s:5:\"image\";s:0:\"\";}'),
(136,	86,	'ru',	'',	'O:15:\"Nette\\ArrayHash\":4:{s:4:\"text\";s:0:\"\";s:7:\"x_coord\";s:0:\"\";s:7:\"y_coord\";s:0:\"\";s:5:\"image\";s:0:\"\";}'),
(137,	87,	'en',	'Flying sleeve exchange',	'O:15:\"Nette\\ArrayHash\":4:{s:4:\"text\";s:240:\"<p><span>The FLYING SLEEVE system allows printing and anilox sleeve exchange and new printing job set up on free printing decks during machine operation. This means that make-ready times and job changes are significantly shorter.</span></p>\";s:7:\"x_coord\";s:0:\"\";s:7:\"y_coord\";s:0:\"\";s:5:\"image\";s:0:\"\";}'),
(138,	87,	'cs',	'',	'O:15:\"Nette\\ArrayHash\":4:{s:4:\"text\";s:0:\"\";s:7:\"x_coord\";s:0:\"\";s:7:\"y_coord\";s:0:\"\";s:5:\"image\";s:0:\"\";}'),
(139,	87,	'cn',	'',	'O:15:\"Nette\\ArrayHash\":4:{s:4:\"text\";s:0:\"\";s:7:\"x_coord\";s:0:\"\";s:7:\"y_coord\";s:0:\"\";s:5:\"image\";s:0:\"\";}'),
(140,	87,	'ru',	'',	'O:15:\"Nette\\ArrayHash\":4:{s:4:\"text\";s:0:\"\";s:7:\"x_coord\";s:0:\"\";s:7:\"y_coord\";s:0:\"\";s:5:\"image\";s:0:\"\";}'),
(141,	88,	'en',	'Sleeve handling system',	'O:15:\"Nette\\ArrayHash\":4:{s:4:\"text\";s:466:\"<p><span>The sleeve handling system is an effective tool for moving heavy items in the print unit area. Either hydraulic platform or individual, electrically driven stands are available. On the hydraulic system the operator has to manually operate the bridge and sleeve set to the required positions. Individual stands have motorised supported shafts enabling the bridge and sleeve sets to be located to the required positions with minimum opertor effort.</span></p>\";s:7:\"x_coord\";s:0:\"\";s:7:\"y_coord\";s:0:\"\";s:5:\"image\";s:0:\"\";}'),
(142,	88,	'cs',	'',	'O:15:\"Nette\\ArrayHash\":4:{s:4:\"text\";s:0:\"\";s:7:\"x_coord\";s:0:\"\";s:7:\"y_coord\";s:0:\"\";s:5:\"image\";s:0:\"\";}'),
(143,	88,	'cn',	'',	'O:15:\"Nette\\ArrayHash\":4:{s:4:\"text\";s:0:\"\";s:7:\"x_coord\";s:0:\"\";s:7:\"y_coord\";s:0:\"\";s:5:\"image\";s:0:\"\";}'),
(144,	88,	'ru',	'',	'O:15:\"Nette\\ArrayHash\":4:{s:4:\"text\";s:0:\"\";s:7:\"x_coord\";s:0:\"\";s:7:\"y_coord\";s:0:\"\";s:5:\"image\";s:0:\"\";}'),
(145,	89,	'en',	'Quick pass threading',	'O:15:\"Nette\\ArrayHash\":4:{s:4:\"text\";s:249:\"<p><span>A motorised chain system from dance roller at unwind to the inspection area simplifies web threading throughout the machine. Motorised threading is an efficient solution for operators saving time during job changes or web breaks.</span></p>\";s:7:\"x_coord\";s:0:\"\";s:7:\"y_coord\";s:0:\"\";s:5:\"image\";s:0:\"\";}'),
(146,	89,	'cs',	'',	'O:15:\"Nette\\ArrayHash\":4:{s:4:\"text\";s:0:\"\";s:7:\"x_coord\";s:0:\"\";s:7:\"y_coord\";s:0:\"\";s:5:\"image\";s:0:\"\";}'),
(147,	89,	'cn',	'',	'O:15:\"Nette\\ArrayHash\":4:{s:4:\"text\";s:0:\"\";s:7:\"x_coord\";s:0:\"\";s:7:\"y_coord\";s:0:\"\";s:5:\"image\";s:0:\"\";}'),
(148,	89,	'ru',	'',	'O:15:\"Nette\\ArrayHash\":4:{s:4:\"text\";s:0:\"\";s:7:\"x_coord\";s:0:\"\";s:7:\"y_coord\";s:0:\"\";s:5:\"image\";s:0:\"\";}'),
(149,	90,	'en',	'Shaft-less non stop flying splice',	'O:15:\"Nette\\ArrayHash\":4:{s:4:\"text\";s:230:\"<p><span>Shaft-less units are an efficient solution for roll handling at unwind and rewind. Rolls are fixed through pneumatic expanding chucks on pulling supports. A quick laser guiding system simplifies roll placement.</span></p>\";s:7:\"x_coord\";s:0:\"\";s:7:\"y_coord\";s:0:\"\";s:5:\"image\";s:0:\"\";}'),
(150,	90,	'cs',	'',	'O:15:\"Nette\\ArrayHash\":4:{s:4:\"text\";s:0:\"\";s:7:\"x_coord\";s:0:\"\";s:7:\"y_coord\";s:0:\"\";s:5:\"image\";s:0:\"\";}'),
(151,	90,	'cn',	'',	'O:15:\"Nette\\ArrayHash\":4:{s:4:\"text\";s:0:\"\";s:7:\"x_coord\";s:0:\"\";s:7:\"y_coord\";s:0:\"\";s:5:\"image\";s:0:\"\";}'),
(152,	90,	'ru',	'',	'O:15:\"Nette\\ArrayHash\":4:{s:4:\"text\";s:0:\"\";s:7:\"x_coord\";s:0:\"\";s:7:\"y_coord\";s:0:\"\";s:5:\"image\";s:0:\"\";}'),
(153,	91,	'en',	'Automatic CI drum cleaning',	'O:15:\"Nette\\ArrayHash\":4:{s:4:\"text\";s:422:\"<p><span>The automatic CI drum cleaning unit efficiently eliminates ink, dust and chemical agents that may affect print quality and minimises operator intervention. The cleaning unit operates during machine run and does not require machine stop. The unit is programmable for specific areas on the CI drum and cleaning solution and paper consumption are minimal. Both water and solvent-based inks can be managed.</span></p>\";s:7:\"x_coord\";s:0:\"\";s:7:\"y_coord\";s:0:\"\";s:5:\"image\";s:0:\"\";}'),
(154,	91,	'cs',	'',	'O:15:\"Nette\\ArrayHash\":4:{s:4:\"text\";s:0:\"\";s:7:\"x_coord\";s:0:\"\";s:7:\"y_coord\";s:0:\"\";s:5:\"image\";s:0:\"\";}'),
(155,	91,	'cn',	'',	'O:15:\"Nette\\ArrayHash\":4:{s:4:\"text\";s:0:\"\";s:7:\"x_coord\";s:0:\"\";s:7:\"y_coord\";s:0:\"\";s:5:\"image\";s:0:\"\";}'),
(156,	91,	'ru',	'',	'O:15:\"Nette\\ArrayHash\":4:{s:4:\"text\";s:0:\"\";s:7:\"x_coord\";s:0:\"\";s:7:\"y_coord\";s:0:\"\";s:5:\"image\";s:0:\"\";}'),
(157,	92,	'en',	'Job management',	'O:15:\"Nette\\ArrayHash\":4:{s:4:\"text\";s:191:\"<p><span>The JOB MANAGEMENT feature is recommended software for our flexographic printing presses and is an efficient tool for job preparation and recipe storage on an external PC.</span></p>\";s:7:\"x_coord\";s:0:\"\";s:7:\"y_coord\";s:0:\"\";s:5:\"image\";s:0:\"\";}'),
(158,	92,	'cs',	'',	'O:15:\"Nette\\ArrayHash\":4:{s:4:\"text\";s:0:\"\";s:7:\"x_coord\";s:0:\"\";s:7:\"y_coord\";s:0:\"\";s:5:\"image\";s:0:\"\";}'),
(159,	92,	'cn',	'',	'O:15:\"Nette\\ArrayHash\":4:{s:4:\"text\";s:0:\"\";s:7:\"x_coord\";s:0:\"\";s:7:\"y_coord\";s:0:\"\";s:5:\"image\";s:0:\"\";}'),
(160,	92,	'ru',	'',	'O:15:\"Nette\\ArrayHash\":4:{s:4:\"text\";s:0:\"\";s:7:\"x_coord\";s:0:\"\";s:7:\"y_coord\";s:0:\"\";s:5:\"image\";s:0:\"\";}'),
(161,	93,	'en',	'Recipe system',	'O:15:\"Nette\\ArrayHash\":4:{s:4:\"text\";s:439:\"<p><span>The machine is equipped with a recipe system for job file storage as standard. Frequently used parameters such as speed, acceleration, tension, impression, wash-up cycles etc, are stored and accessed via touch screen. Up to 1000 jobs can be stored in the system for recall as and when required. In combination with the Q-Shield feature, the recipe system is an efficient tool for minimal time waste during job exchange.</span></p>\";s:7:\"x_coord\";s:0:\"\";s:7:\"y_coord\";s:0:\"\";s:5:\"image\";s:0:\"\";}'),
(162,	93,	'cs',	'',	'O:15:\"Nette\\ArrayHash\":4:{s:4:\"text\";s:0:\"\";s:7:\"x_coord\";s:0:\"\";s:7:\"y_coord\";s:0:\"\";s:5:\"image\";s:0:\"\";}'),
(163,	93,	'cn',	'',	'O:15:\"Nette\\ArrayHash\":4:{s:4:\"text\";s:0:\"\";s:7:\"x_coord\";s:0:\"\";s:7:\"y_coord\";s:0:\"\";s:5:\"image\";s:0:\"\";}'),
(164,	93,	'ru',	'',	'O:15:\"Nette\\ArrayHash\":4:{s:4:\"text\";s:0:\"\";s:7:\"x_coord\";s:0:\"\";s:7:\"y_coord\";s:0:\"\";s:5:\"image\";s:0:\"\";}'),
(165,	94,	'en',	'Print quality',	'O:15:\"Nette\\ArrayHash\":4:{s:4:\"text\";s:0:\"\";s:7:\"x_coord\";s:0:\"\";s:7:\"y_coord\";s:0:\"\";s:5:\"image\";s:0:\"\";}'),
(166,	94,	'cs',	'',	'O:15:\"Nette\\ArrayHash\":4:{s:4:\"text\";s:0:\"\";s:7:\"x_coord\";s:0:\"\";s:7:\"y_coord\";s:0:\"\";s:5:\"image\";s:0:\"\";}'),
(167,	94,	'cn',	'',	'O:15:\"Nette\\ArrayHash\":4:{s:4:\"text\";s:0:\"\";s:7:\"x_coord\";s:0:\"\";s:7:\"y_coord\";s:0:\"\";s:5:\"image\";s:0:\"\";}'),
(168,	94,	'ru',	'',	'O:15:\"Nette\\ArrayHash\":4:{s:4:\"text\";s:0:\"\";s:7:\"x_coord\";s:0:\"\";s:7:\"y_coord\";s:0:\"\";s:5:\"image\";s:0:\"\";}'),
(169,	95,	'en',	'Tension control',	'O:15:\"Nette\\ArrayHash\":4:{s:4:\"text\";s:1897:\"<p><span>This system provides precise tension control to individual web path zones in the machine depending on the type of material being processed. The system is designed to process a wide range of substrates within a tension range of 10 &ndash; 420 N. Tension zones are divided into five sections: Section A. Unwind tension control. Any tension deviation in the material from the correct value is detected by a change in the dance roller position and before any affect on print quality. The control unit decreases or increases the braking torque of the AC servo motor. Section B. Tension control before printing. Tension is controlled through a set of a lay-on rollers and direct drive roll. This in-feed unit is integrated with corona treatment and ensures print length accuracy. Section C. Tension control around the central drum from the drying tunnel to the cooling unit is through PLC and tenso-metric roller that continuously measures the actual tension value. The tenso -metric roller is located just before the first cooling cylinder. Precise values measured at this point are compared by software to pre-set tension values and based on detected deviations. Tension is adapted through adjustment servo motor torque driving both cooling cylinders. Perfect tension control in this zone enables stabilisation of the camera image and eliminates creases or side movement of the web. Section D. Tension control from cooling to rewind unit. Tension is controlled by lay-on rollers and a direct drive roll capable of generating various tension values. This out-feed system is a recommended option for in-line slitting. Section E. Rewind tension control. Tension deviations of the web from the correct values are detected by a change of the dance roller position and before any affect on rewind quality, the control unit decreases or increases the braking torque of the AC servo motor.</span></p>\";s:7:\"x_coord\";s:0:\"\";s:7:\"y_coord\";s:0:\"\";s:5:\"image\";s:0:\"\";}'),
(170,	95,	'cs',	'',	'O:15:\"Nette\\ArrayHash\":4:{s:4:\"text\";s:0:\"\";s:7:\"x_coord\";s:0:\"\";s:7:\"y_coord\";s:0:\"\";s:5:\"image\";s:0:\"\";}'),
(171,	95,	'cn',	'',	'O:15:\"Nette\\ArrayHash\":4:{s:4:\"text\";s:0:\"\";s:7:\"x_coord\";s:0:\"\";s:7:\"y_coord\";s:0:\"\";s:5:\"image\";s:0:\"\";}'),
(172,	95,	'ru',	'',	'O:15:\"Nette\\ArrayHash\":4:{s:4:\"text\";s:0:\"\";s:7:\"x_coord\";s:0:\"\";s:7:\"y_coord\";s:0:\"\";s:5:\"image\";s:0:\"\";}'),
(173,	96,	'en',	'Dynamic features',	'O:15:\"Nette\\ArrayHash\":4:{s:4:\"text\";s:810:\"<p><span>All key press parts are designed with great emphases on dynamics. Cast-iron side frame consists of four mono-block side frames with two supporting stands ensuring rigid support of the CI drum and cast-iron housing. Side frame thicknes is 80 and the supporting stand thickness is 375 mm at its base graduating to 120 mm at its top. Printing decks with printing and anilox cylinders are ergonomically designed with emphasis on rigidity, precision, reliability and single-hand operation of the printing deck support. Precison and reliability is ensured by linear guide roller, double preloaded ball and screw and double row needle bearing for both cylinders. The number of mechanical parts that can influence production tolerances have been reduced and those remaining optimised for stability.</span></p>\";s:7:\"x_coord\";s:0:\"\";s:7:\"y_coord\";s:0:\"\";s:5:\"image\";s:0:\"\";}'),
(174,	96,	'cs',	'',	'O:15:\"Nette\\ArrayHash\":4:{s:4:\"text\";s:0:\"\";s:7:\"x_coord\";s:0:\"\";s:7:\"y_coord\";s:0:\"\";s:5:\"image\";s:0:\"\";}'),
(175,	96,	'cn',	'',	'O:15:\"Nette\\ArrayHash\":4:{s:4:\"text\";s:0:\"\";s:7:\"x_coord\";s:0:\"\";s:7:\"y_coord\";s:0:\"\";s:5:\"image\";s:0:\"\";}'),
(176,	96,	'ru',	'',	'O:15:\"Nette\\ArrayHash\":4:{s:4:\"text\";s:0:\"\";s:7:\"x_coord\";s:0:\"\";s:7:\"y_coord\";s:0:\"\";s:5:\"image\";s:0:\"\";}'),
(177,	97,	'en',	'Dynamic impression',	'O:15:\"Nette\\ArrayHash\":4:{s:4:\"text\";s:236:\"<p><span>An electronic stabilisation system compensates for impression with speed changes according to defined curves.The DYNAMIC IMPRESSION feature uses the same motors as those used for the print impression setting process.</span></p>\";s:7:\"x_coord\";s:0:\"\";s:7:\"y_coord\";s:0:\"\";s:5:\"image\";s:0:\"\";}'),
(178,	97,	'cs',	'',	'O:15:\"Nette\\ArrayHash\":4:{s:4:\"text\";s:0:\"\";s:7:\"x_coord\";s:0:\"\";s:7:\"y_coord\";s:0:\"\";s:5:\"image\";s:0:\"\";}'),
(179,	97,	'cn',	'',	'O:15:\"Nette\\ArrayHash\":4:{s:4:\"text\";s:0:\"\";s:7:\"x_coord\";s:0:\"\";s:7:\"y_coord\";s:0:\"\";s:5:\"image\";s:0:\"\";}'),
(180,	97,	'ru',	'',	'O:15:\"Nette\\ArrayHash\":4:{s:4:\"text\";s:0:\"\";s:7:\"x_coord\";s:0:\"\";s:7:\"y_coord\";s:0:\"\";s:5:\"image\";s:0:\"\";}'),
(181,	98,	'en',	'Composite mandrels',	'O:15:\"Nette\\ArrayHash\":4:{s:4:\"text\";s:250:\"<p><span>The printing cylinder mandrels are made from composite material and have excellent dynamic characteristics enabling quick and higher quality print and the ability to reach 6% shorter print repeat lengths compared to standard jobs.</span></p>\";s:7:\"x_coord\";s:0:\"\";s:7:\"y_coord\";s:0:\"\";s:5:\"image\";s:0:\"\";}'),
(182,	98,	'cs',	'',	'O:15:\"Nette\\ArrayHash\":4:{s:4:\"text\";s:0:\"\";s:7:\"x_coord\";s:0:\"\";s:7:\"y_coord\";s:0:\"\";s:5:\"image\";s:0:\"\";}'),
(183,	98,	'cn',	'',	'O:15:\"Nette\\ArrayHash\":4:{s:4:\"text\";s:0:\"\";s:7:\"x_coord\";s:0:\"\";s:7:\"y_coord\";s:0:\"\";s:5:\"image\";s:0:\"\";}'),
(184,	98,	'ru',	'',	'O:15:\"Nette\\ArrayHash\":4:{s:4:\"text\";s:0:\"\";s:7:\"x_coord\";s:0:\"\";s:7:\"y_coord\";s:0:\"\";s:5:\"image\";s:0:\"\";}'),
(185,	99,	'en',	'Safety and ergonomy',	'O:15:\"Nette\\ArrayHash\":4:{s:4:\"text\";s:0:\"\";s:7:\"x_coord\";s:0:\"\";s:7:\"y_coord\";s:0:\"\";s:5:\"image\";s:0:\"\";}'),
(186,	99,	'cs',	'',	'O:15:\"Nette\\ArrayHash\":4:{s:4:\"text\";s:0:\"\";s:7:\"x_coord\";s:0:\"\";s:7:\"y_coord\";s:0:\"\";s:5:\"image\";s:0:\"\";}'),
(187,	99,	'cn',	'',	'O:15:\"Nette\\ArrayHash\":4:{s:4:\"text\";s:0:\"\";s:7:\"x_coord\";s:0:\"\";s:7:\"y_coord\";s:0:\"\";s:5:\"image\";s:0:\"\";}'),
(188,	99,	'ru',	'',	'O:15:\"Nette\\ArrayHash\":4:{s:4:\"text\";s:0:\"\";s:7:\"x_coord\";s:0:\"\";s:7:\"y_coord\";s:0:\"\";s:5:\"image\";s:0:\"\";}'),
(189,	100,	'en',	'Intuitive control',	'O:15:\"Nette\\ArrayHash\":4:{s:4:\"text\";s:499:\"<p><span>A main touch screen control panel with user friendly interface indicates error displays and setting of job parameters. An auxiliary control panel in the unwind and rewind sections ensures quick and comfortable roll handling. The control panels include graphic menu for job parameter settings and diagnostic. The menu is logically and comfortably arranged to display the correct position in real press time. Dedicated screens are connected with the main menu through colour codes.</span></p>\";s:7:\"x_coord\";s:0:\"\";s:7:\"y_coord\";s:0:\"\";s:5:\"image\";s:0:\"\";}'),
(190,	100,	'cs',	'',	'O:15:\"Nette\\ArrayHash\":4:{s:4:\"text\";s:0:\"\";s:7:\"x_coord\";s:0:\"\";s:7:\"y_coord\";s:0:\"\";s:5:\"image\";s:0:\"\";}'),
(191,	100,	'cn',	'',	'O:15:\"Nette\\ArrayHash\":4:{s:4:\"text\";s:0:\"\";s:7:\"x_coord\";s:0:\"\";s:7:\"y_coord\";s:0:\"\";s:5:\"image\";s:0:\"\";}'),
(192,	100,	'ru',	'',	'O:15:\"Nette\\ArrayHash\":4:{s:4:\"text\";s:0:\"\";s:7:\"x_coord\";s:0:\"\";s:7:\"y_coord\";s:0:\"\";s:5:\"image\";s:0:\"\";}'),
(193,	101,	'en',	'Machine design and ergonomics',	'O:15:\"Nette\\ArrayHash\":4:{s:4:\"text\";s:227:\"<p><span>Modern compact design with aesthetic and ergonomic features maximise operator comfort and minimise accident risks. All eletrcial cabinets are integrated into the machine layout minimising space requirements.</span></p>\";s:7:\"x_coord\";s:0:\"\";s:7:\"y_coord\";s:0:\"\";s:5:\"image\";s:0:\"\";}'),
(194,	101,	'cs',	'',	'O:15:\"Nette\\ArrayHash\":4:{s:4:\"text\";s:0:\"\";s:7:\"x_coord\";s:0:\"\";s:7:\"y_coord\";s:0:\"\";s:5:\"image\";s:0:\"\";}'),
(195,	101,	'cn',	'',	'O:15:\"Nette\\ArrayHash\":4:{s:4:\"text\";s:0:\"\";s:7:\"x_coord\";s:0:\"\";s:7:\"y_coord\";s:0:\"\";s:5:\"image\";s:0:\"\";}'),
(196,	101,	'ru',	'',	'O:15:\"Nette\\ArrayHash\":4:{s:4:\"text\";s:0:\"\";s:7:\"x_coord\";s:0:\"\";s:7:\"y_coord\";s:0:\"\";s:5:\"image\";s:0:\"\";}'),
(197,	102,	'en',	'Safety features',	'O:15:\"Nette\\ArrayHash\":4:{s:4:\"text\";s:332:\"<p><span>The machines are designed with maximum emphasis on operator safety. All rotating elements are secured by safety covers and are inaccessible to the operator during the operating cycle. The unwind and rewind areas are secured by a laser scanning gate and the printing unit area is safety locked during machine run.</span></p>\";s:7:\"x_coord\";s:0:\"\";s:7:\"y_coord\";s:0:\"\";s:5:\"image\";s:0:\"\";}'),
(198,	102,	'cs',	'',	'O:15:\"Nette\\ArrayHash\":4:{s:4:\"text\";s:0:\"\";s:7:\"x_coord\";s:0:\"\";s:7:\"y_coord\";s:0:\"\";s:5:\"image\";s:0:\"\";}'),
(199,	102,	'cn',	'',	'O:15:\"Nette\\ArrayHash\":4:{s:4:\"text\";s:0:\"\";s:7:\"x_coord\";s:0:\"\";s:7:\"y_coord\";s:0:\"\";s:5:\"image\";s:0:\"\";}'),
(200,	102,	'ru',	'',	'O:15:\"Nette\\ArrayHash\":4:{s:4:\"text\";s:0:\"\";s:7:\"x_coord\";s:0:\"\";s:7:\"y_coord\";s:0:\"\";s:5:\"image\";s:0:\"\";}'),
(201,	103,	'en',	'CE standards',	'O:15:\"Nette\\ArrayHash\":4:{s:4:\"text\";s:272:\"<p><span>Machines comply with and meet stringent European safety standards and codes. Operation and operator risk analysis are regularly assessed. Safety design elements are updated and new elements are added according to actual standards and code modifications</span></p>\";s:7:\"x_coord\";s:0:\"\";s:7:\"y_coord\";s:0:\"\";s:5:\"image\";s:0:\"\";}'),
(202,	103,	'cs',	'',	'O:15:\"Nette\\ArrayHash\":4:{s:4:\"text\";s:0:\"\";s:7:\"x_coord\";s:0:\"\";s:7:\"y_coord\";s:0:\"\";s:5:\"image\";s:0:\"\";}'),
(203,	103,	'cn',	'',	'O:15:\"Nette\\ArrayHash\":4:{s:4:\"text\";s:0:\"\";s:7:\"x_coord\";s:0:\"\";s:7:\"y_coord\";s:0:\"\";s:5:\"image\";s:0:\"\";}'),
(204,	103,	'ru',	'',	'O:15:\"Nette\\ArrayHash\":4:{s:4:\"text\";s:0:\"\";s:7:\"x_coord\";s:0:\"\";s:7:\"y_coord\";s:0:\"\";s:5:\"image\";s:0:\"\";}'),
(205,	104,	'en',	'Noisiness reduction',	'O:15:\"Nette\\ArrayHash\":4:{s:4:\"text\";s:201:\"<p><span>The main machine parts &ndash; drying tunnel, printing unit and fans are insulated with an innovative, new insulation materials to significantly reduce noise and energy consumption.</span></p>\";s:7:\"x_coord\";s:0:\"\";s:7:\"y_coord\";s:0:\"\";s:5:\"image\";s:0:\"\";}'),
(206,	104,	'cs',	'',	'O:15:\"Nette\\ArrayHash\":4:{s:4:\"text\";s:0:\"\";s:7:\"x_coord\";s:0:\"\";s:7:\"y_coord\";s:0:\"\";s:5:\"image\";s:0:\"\";}'),
(207,	104,	'cn',	'',	'O:15:\"Nette\\ArrayHash\":4:{s:4:\"text\";s:0:\"\";s:7:\"x_coord\";s:0:\"\";s:7:\"y_coord\";s:0:\"\";s:5:\"image\";s:0:\"\";}'),
(208,	104,	'ru',	'',	'O:15:\"Nette\\ArrayHash\":4:{s:4:\"text\";s:0:\"\";s:7:\"x_coord\";s:0:\"\";s:7:\"y_coord\";s:0:\"\";s:5:\"image\";s:0:\"\";}');

DROP TABLE IF EXISTS `cms_ext_tree`;
CREATE TABLE `cms_ext_tree` (
  `ext_tree_node_id` int(11) NOT NULL AUTO_INCREMENT,
  `parent` int(11) DEFAULT NULL,
  `identifier` varchar(45) COLLATE utf8_bin NOT NULL,
  `tree_node_id` int(11) NOT NULL,
  PRIMARY KEY (`ext_tree_node_id`),
  KEY `index2` (`identifier`),
  KEY `index3` (`tree_node_id`),
  KEY `fk_cms_ext_tree_1` (`parent`),
  CONSTRAINT `fk_cms_ext_tree_1` FOREIGN KEY (`parent`) REFERENCES `cms_ext_tree` (`ext_tree_node_id`) ON DELETE CASCADE ON UPDATE CASCADE
) ENGINE=InnoDB DEFAULT CHARSET=utf8 COLLATE=utf8_bin;

INSERT INTO `cms_ext_tree` (`ext_tree_node_id`, `parent`, `identifier`, `tree_node_id`) VALUES
(1,	NULL,	'eng_cat_params',	9),
(2,	NULL,	'eng_cat_params',	9),
(3,	NULL,	'eng_cat_params',	9),
(4,	NULL,	'eng_cat_params',	9),
(5,	1,	'val_eng_cat_params',	15),
(6,	2,	'val_eng_cat_params',	15),
(7,	3,	'val_eng_cat_params',	15),
(8,	4,	'val_eng_cat_params',	15),
(9,	1,	'val_eng_cat_params',	16),
(10,	2,	'val_eng_cat_params',	16),
(11,	3,	'val_eng_cat_params',	16),
(12,	4,	'val_eng_cat_params',	16),
(13,	1,	'val_eng_cat_params',	17),
(14,	2,	'val_eng_cat_params',	17),
(15,	3,	'val_eng_cat_params',	17),
(16,	4,	'val_eng_cat_params',	17),
(17,	1,	'val_eng_cat_params',	18),
(18,	2,	'val_eng_cat_params',	18),
(19,	3,	'val_eng_cat_params',	18),
(20,	4,	'val_eng_cat_params',	18),
(21,	1,	'val_eng_cat_params',	19),
(22,	2,	'val_eng_cat_params',	19),
(23,	3,	'val_eng_cat_params',	19),
(24,	4,	'val_eng_cat_params',	19),
(25,	NULL,	'eng_cat_params',	10),
(26,	NULL,	'eng_cat_params',	10),
(27,	NULL,	'eng_cat_params',	10),
(28,	NULL,	'eng_cat_params',	10),
(29,	NULL,	'eng_cat_params',	11),
(30,	NULL,	'eng_cat_params',	11),
(31,	NULL,	'eng_cat_params',	11),
(32,	NULL,	'eng_cat_params',	11),
(33,	NULL,	'eng_cat_params',	12),
(34,	NULL,	'eng_cat_params',	12),
(35,	NULL,	'eng_cat_params',	12),
(36,	NULL,	'eng_cat_params',	12),
(37,	NULL,	'eng_cat_params',	13),
(38,	NULL,	'eng_cat_params',	13),
(39,	NULL,	'eng_cat_params',	13),
(40,	NULL,	'eng_cat_params',	13),
(41,	NULL,	'eng_cat_params',	14),
(42,	NULL,	'eng_cat_params',	14),
(43,	NULL,	'eng_cat_params',	14),
(44,	NULL,	'eng_cat_params',	14),
(45,	25,	'val_eng_cat_params',	20),
(46,	26,	'val_eng_cat_params',	20),
(47,	27,	'val_eng_cat_params',	20),
(48,	28,	'val_eng_cat_params',	20),
(49,	25,	'val_eng_cat_params',	21),
(50,	26,	'val_eng_cat_params',	21),
(51,	27,	'val_eng_cat_params',	21),
(52,	28,	'val_eng_cat_params',	21),
(53,	25,	'val_eng_cat_params',	22),
(54,	26,	'val_eng_cat_params',	22),
(55,	27,	'val_eng_cat_params',	22),
(56,	28,	'val_eng_cat_params',	22),
(57,	25,	'val_eng_cat_params',	23),
(58,	26,	'val_eng_cat_params',	23),
(59,	27,	'val_eng_cat_params',	23),
(60,	28,	'val_eng_cat_params',	23),
(61,	29,	'val_eng_cat_params',	24),
(62,	30,	'val_eng_cat_params',	24),
(63,	31,	'val_eng_cat_params',	24),
(64,	32,	'val_eng_cat_params',	24),
(65,	33,	'val_eng_cat_params',	25),
(66,	34,	'val_eng_cat_params',	25),
(67,	35,	'val_eng_cat_params',	25),
(68,	36,	'val_eng_cat_params',	25),
(69,	37,	'val_eng_cat_params',	26),
(70,	38,	'val_eng_cat_params',	26),
(71,	39,	'val_eng_cat_params',	26),
(72,	40,	'val_eng_cat_params',	26),
(73,	41,	'val_eng_cat_params',	27),
(74,	42,	'val_eng_cat_params',	27),
(75,	43,	'val_eng_cat_params',	27),
(76,	44,	'val_eng_cat_params',	27),
(77,	NULL,	'eng_cb',	15),
(78,	77,	'eng_cb',	15),
(79,	77,	'eng_cb',	15),
(80,	77,	'eng_cb',	15),
(81,	77,	'eng_cb',	15),
(82,	77,	'eng_cb',	15),
(83,	77,	'eng_cb',	15),
(84,	77,	'eng_cb',	15),
(85,	NULL,	'eng_cb',	15),
(86,	85,	'eng_cb',	15),
(87,	85,	'eng_cb',	15),
(88,	85,	'eng_cb',	15),
(89,	85,	'eng_cb',	15),
(90,	85,	'eng_cb',	15),
(91,	85,	'eng_cb',	15),
(92,	85,	'eng_cb',	15),
(93,	85,	'eng_cb',	15),
(94,	NULL,	'eng_cb',	15),
(95,	94,	'eng_cb',	15),
(96,	94,	'eng_cb',	15),
(97,	94,	'eng_cb',	15),
(98,	94,	'eng_cb',	15),
(99,	NULL,	'eng_cb',	15),
(100,	99,	'eng_cb',	15),
(101,	99,	'eng_cb',	15),
(102,	99,	'eng_cb',	15),
(103,	99,	'eng_cb',	15),
(104,	99,	'eng_cb',	15);

DROP TABLE IF EXISTS `cms_ext_values`;
CREATE TABLE `cms_ext_values` (
  `ext_tree_node_id` int(11) NOT NULL,
  `lang` varchar(5) COLLATE utf8_bin NOT NULL,
  `param_value` text COLLATE utf8_bin,
  KEY `fk_cms_ext_values_1` (`ext_tree_node_id`),
  CONSTRAINT `fk_cms_ext_values_1` FOREIGN KEY (`ext_tree_node_id`) REFERENCES `cms_ext_tree` (`ext_tree_node_id`) ON DELETE CASCADE ON UPDATE CASCADE
) ENGINE=InnoDB DEFAULT CHARSET=utf8 COLLATE=utf8_bin;


DROP TABLE IF EXISTS `cms_extended_values`;
CREATE TABLE `cms_extended_values` (
  `page_id` int(11) NOT NULL,
  `identifier` varchar(45) COLLATE utf8_bin NOT NULL,
  `value` text COLLATE utf8_bin NOT NULL,
  KEY `fk_cms_extended_values_1` (`page_id`),
  CONSTRAINT `cms_extended_values_ibfk_1` FOREIGN KEY (`page_id`) REFERENCES `cms_pages` (`page_id`) ON DELETE CASCADE ON UPDATE CASCADE
) ENGINE=InnoDB DEFAULT CHARSET=utf8 COLLATE=utf8_bin;

INSERT INTO `cms_extended_values` (`page_id`, `identifier`, `value`) VALUES
(262,	'menu_image',	''),
(262,	'eng_cb_image',	''),
(263,	'menu_image',	''),
(263,	'eng_cb_image',	''),
(264,	'menu_image',	''),
(264,	'eng_cb_image',	''),
(265,	'menu_image',	''),
(265,	'eng_cb_image',	''),
(312,	'eng_cp_values_image',	'<div id=\"24\" class=\"mceCMSFile\">values-1.jpg\r\n<p style=\"text-align: center;\"><img src=\"/cms2/www/js/tiny_mce/plugins/vd/img/icons/image_icon.png\" alt=\"\" /></p>\r\n</div>'),
(313,	'eng_cp_values_image',	'<div id=\"25\" class=\"mceCMSFile\">values-2.jpg\r\n<p style=\"text-align: center;\"><img src=\"/cms2/www/js/tiny_mce/plugins/vd/img/icons/image_icon.png\" alt=\"\" /></p>\r\n</div>'),
(320,	'eng_timeline_image',	'<div id=\"29\" class=\"mceCMSFile\">1890.jpg\r\n<p style=\"text-align: center;\"><img src=\"/cms2/www/js/tiny_mce/plugins/vd/img/icons/image_icon.png\" alt=\"\" /></p>\r\n</div>'),
(321,	'eng_timeline_image',	'<div id=\"30\" class=\"mceCMSFile\">1956.jpg\r\n<p style=\"text-align: center;\"><img src=\"/cms2/www/js/tiny_mce/plugins/vd/img/icons/image_icon.png\" alt=\"\" /></p>\r\n</div>'),
(350,	'eng_rep_company',	'ARPRINT S.A.'),
(350,	'eng_rep_person',	'Mr. José Ciupalski'),
(350,	'eng_rep_phone',	'+5411-4792-9444'),
(350,	'eng_rep_mobil',	''),
(350,	'eng_rep_fax',	'+5411-4792-1391'),
(350,	'eng_rep_email',	'j.c@arprintsa.com.ar'),
(350,	'eng_rep_web',	'www.arprintsa.com.ar'),
(350,	'eng_rep_longitude',	'-58.486923'),
(350,	'eng_rep_latitude',	'-34.485547'),
(350,	'eng_rep_address',	'<p>Av. del Libertador 13524, Martinez, B1640FBO, Argentina</p>'),
(351,	'eng_rep_company',	'H&K GmbH'),
(351,	'eng_rep_person',	'Mr. Ralf Plautz'),
(351,	'eng_rep_phone',	'+49 5131 70178'),
(351,	'eng_rep_mobil',	''),
(351,	'eng_rep_fax',	'+49 5131 70178'),
(351,	'eng_rep_email',	'r.plautz@h-und-k-gmbh.de'),
(351,	'eng_rep_web',	'www.h-und-k-gmbh.de'),
(351,	'eng_rep_longitude',	'9.589849'),
(351,	'eng_rep_latitude',	'52.449785'),
(351,	'eng_rep_address',	'<p>Heinrich-Nordhoff-Ring 9, Garbsen, Germany</p>'),
(363,	'eng_ref_product',	'15'),
(363,	'eng_ref_subhead',	'THIRD SOMA PRESS MAKES ARTFLEX ONE OF THE TOP FOUR'),
(363,	'eng_ref_perex',	'<p><span>Soma Engineering has supplied a third flexographic printing press at Artflex enabling the company to reach new levels of quality and service in the CIS flexible packaging market.</span></p>'),
(392,	'home_block_image',	'<div id=\"6\" class=\"mceCMSFile\">flexographic-img.png\r\n<p style=\"text-align: center;\"><img src=\"/cms2/www/js/tiny_mce/plugins/vd/img/icons/image_icon.png\" alt=\"\" /></p>\r\n</div>'),
(393,	'home_block_image',	''),
(394,	'home_block_image',	''),
(395,	'home_block_image',	''),
(396,	'menu_image',	'<div id=\"5\" class=\"mceCMSFile\">menu_premia.png\r\n<p style=\"text-align: center;\"><img src=\"/cms2/www/js/tiny_mce/plugins/vd/img/icons/image_icon.png\" alt=\"\" /></p>\r\n</div>'),
(396,	'eng_cb_image',	''),
(397,	'menu_image',	''),
(397,	'eng_cb_image',	''),
(398,	'menu_image',	''),
(398,	'eng_cb_image',	''),
(399,	'menu_image',	''),
(399,	'eng_cb_image',	''),
(400,	'menu_image',	'<div id=\"3\" class=\"mceCMSFile\">menu_midi-ii.png\r\n<p style=\"text-align: center;\"><img src=\"/cms2/www/js/tiny_mce/plugins/vd/img/icons/image_icon.png\" alt=\"\" /></p>\r\n</div>'),
(400,	'eng_cb_image',	''),
(401,	'menu_image',	''),
(401,	'eng_cb_image',	''),
(402,	'menu_image',	''),
(402,	'eng_cb_image',	''),
(403,	'menu_image',	''),
(403,	'eng_cb_image',	''),
(404,	'menu_image',	'<div id=\"2\" class=\"mceCMSFile\">menu_midi.png\r\n<p style=\"text-align: center;\"><img src=\"/cms2/www/js/tiny_mce/plugins/vd/img/icons/image_icon.png\" alt=\"\" /></p>\r\n</div>'),
(404,	'eng_cb_image',	''),
(405,	'menu_image',	''),
(405,	'eng_cb_image',	''),
(406,	'menu_image',	''),
(406,	'eng_cb_image',	''),
(407,	'menu_image',	''),
(407,	'eng_cb_image',	''),
(408,	'menu_image',	'<div id=\"4\" class=\"mceCMSFile\">menu_mini.png\r\n<p style=\"text-align: center;\"><img src=\"/cms2/www/js/tiny_mce/plugins/vd/img/icons/image_icon.png\" alt=\"\" /></p>\r\n</div>'),
(408,	'eng_cb_image',	''),
(409,	'menu_image',	''),
(409,	'eng_cb_image',	''),
(410,	'menu_image',	''),
(410,	'eng_cb_image',	''),
(411,	'menu_image',	''),
(411,	'eng_cb_image',	''),
(421,	'eng_cp_image',	'<div id=\"11\" class=\"mceCMSFile\">compowners-menu.jpg\r\n<p style=\"text-align: center;\"><img src=\"/cms2/www/js/tiny_mce/plugins/vd/img/icons/image_icon.png\" alt=\"\" /></p>\r\n</div>'),
(421,	'eng_cp_text',	'<p><span>General Manager, Ladislav Verner comments</span></p>'),
(422,	'eng_cp_image',	'<div id=\"11\" class=\"mceCMSFile\">compowners-menu.jpg\r\n<p style=\"text-align: center;\"><img src=\"/cms2/www/js/tiny_mce/plugins/vd/img/icons/image_icon.png\" alt=\"\" /></p>\r\n</div>'),
(422,	'eng_cp_text',	'<p><span>Slova majitele, pana Ing. Ladislava Vernera</span></p>'),
(423,	'eng_cp_image',	'<div id=\"18\" class=\"mceCMSFile\">compowners-menu.jpg\r\n<p style=\"text-align: center;\"><img src=\"/cms2/www/js/tiny_mce/plugins/vd/img/icons/image_icon.png\" alt=\"\" /></p>\r\n</div>'),
(423,	'eng_cp_text',	'<p>Poski majitel</p>'),
(424,	'eng_cp_image',	'<div id=\"12\" class=\"mceCMSFile\">compvalues-menu.jpg\r\n<p style=\"text-align: center;\"><img src=\"/cms2/www/js/tiny_mce/plugins/vd/img/icons/image_icon.png\" alt=\"\" /></p>\r\n</div>'),
(424,	'eng_cp_text',	'<p>Soma values are based on Tradition, Quality, Service and Hi Tech.</p>'),
(425,	'eng_cp_image',	'<div id=\"12\" class=\"mceCMSFile\">compvalues-menu.jpg\r\n<p style=\"text-align: center;\"><img src=\"/cms2/www/js/tiny_mce/plugins/vd/img/icons/image_icon.png\" alt=\"\" /></p>\r\n</div>'),
(425,	'eng_cp_text',	'<p><span>Hodnoty společnosti SOMA jsou založeny na tradici, kvalitě, servisu a hi-tech ře&scaron;en&iacute;.</span></p>'),
(426,	'eng_cp_image',	'<div id=\"10\" class=\"mceCMSFile\">comphistory-menu.jpg\r\n<p style=\"text-align: center;\"><img src=\"/cms2/www/js/tiny_mce/plugins/vd/img/icons/image_icon.png\" alt=\"\" /></p>\r\n</div>'),
(426,	'eng_cp_text',	'<p><span>Company History since 1890</span></p>'),
(427,	'eng_cp_image',	'<div id=\"10\" class=\"mceCMSFile\">comphistory-menu.jpg\r\n<p style=\"text-align: center;\"><img src=\"/cms2/www/js/tiny_mce/plugins/vd/img/icons/image_icon.png\" alt=\"\" /></p>\r\n</div>'),
(427,	'eng_cp_text',	'<p><span>Historie společnosti od roku 1890 do současnosti.</span></p>'),
(428,	'eng_cp_image',	'<div id=\"9\" class=\"mceCMSFile\">compglobe-menu.jpg\r\n<p style=\"text-align: center;\"><img src=\"/cms2/www/js/tiny_mce/plugins/vd/img/icons/image_icon.png\" alt=\"\" /></p>\r\n</div>'),
(428,	'eng_cp_text',	'<p><span>Technology and Training Centre</span></p>'),
(429,	'eng_cp_image',	'<div id=\"9\" class=\"mceCMSFile\">compglobe-menu.jpg\r\n<p style=\"text-align: center;\"><img src=\"/cms2/www/js/tiny_mce/plugins/vd/img/icons/image_icon.png\" alt=\"\" /></p>\r\n</div>'),
(429,	'eng_cp_text',	'<p><span>Technologick&eacute; a &scaron;kolic&iacute; centrum</span></p>'),
(430,	'home_block_image',	'<div id=\"8\" class=\"mceCMSFile\">slitter-img.png\r\n<p style=\"text-align: center;\"><img src=\"/cms2/www/js/tiny_mce/plugins/vd/img/icons/image_icon.png\" alt=\"\" /></p>\r\n</div>'),
(431,	'home_block_image',	''),
(432,	'home_block_image',	''),
(433,	'home_block_image',	''),
(434,	'home_block_image',	'<div id=\"7\" class=\"mceCMSFile\">laminators-img.png\r\n<p style=\"text-align: center;\"><img src=\"/cms2/www/js/tiny_mce/plugins/vd/img/icons/image_icon.png\" alt=\"\" /></p>\r\n</div>'),
(435,	'home_block_image',	''),
(436,	'home_block_image',	''),
(437,	'home_block_image',	''),
(442,	'eng_cc_people_image',	'<div id=\"16\" class=\"mceCMSFile\">milan-papacek.cek.jpg\r\n<p style=\"text-align: center;\"><img src=\"/cms2/www/js/tiny_mce/plugins/vd/img/icons/image_icon.png\" alt=\"\" /></p>\r\n</div>'),
(442,	'eng_cc_people_position',	'Service manager'),
(442,	'eng_cc_people_phone',	'+420 465 350 832'),
(442,	'eng_cc_people_email',	'papacek@soma.cz'),
(443,	'eng_cc_people_image',	'<div id=\"14\" class=\"mceCMSFile\">katerina-pilna.a.jpg\r\n<p style=\"text-align: center;\"><img src=\"/cms2/www/js/tiny_mce/plugins/vd/img/icons/image_icon.png\" alt=\"\" /></p>\r\n</div>'),
(443,	'eng_cc_people_position',	'Customer care'),
(443,	'eng_cc_people_phone',	'+420 465 350 806'),
(443,	'eng_cc_people_email',	'pilna@soma.cz'),
(453,	'eng_news_logo',	'<div id=\"17\" class=\"mceCMSFile\">drupa.png\r\n<p style=\"text-align: center;\"><img src=\"/cms2/www/js/tiny_mce/plugins/vd/img/icons/image_icon.png\" alt=\"\" /></p>\r\n</div>'),
(459,	'menu_image',	'<div id=\"1\" class=\"mceCMSFile\">menu_imperia-10-8-cl.png\r\n<p style=\"text-align: center;\"><img src=\"/cms2/www/js/tiny_mce/plugins/vd/img/icons/image_icon.png\" alt=\"\" /></p>\r\n</div>'),
(459,	'eng_cb_image',	''),
(460,	'menu_image',	''),
(460,	'eng_cb_image',	''),
(461,	'menu_image',	''),
(461,	'eng_cb_image',	''),
(462,	'menu_image',	''),
(462,	'eng_cb_image',	'');

DROP TABLE IF EXISTS `cms_galleries`;
CREATE TABLE `cms_galleries` (
  `gallery_id` int(11) NOT NULL AUTO_INCREMENT,
  `nicename` varchar(70) CHARACTER SET utf8 COLLATE utf8_czech_ci NOT NULL,
  `name` varchar(70) CHARACTER SET utf8 COLLATE utf8_czech_ci NOT NULL,
  `path` varchar(170) CHARACTER SET utf8 COLLATE utf8_czech_ci NOT NULL,
  `added` timestamp NOT NULL DEFAULT CURRENT_TIMESTAMP,
  `editor_id` int(11) NOT NULL,
  `public` int(1) NOT NULL DEFAULT '1',
  `start_public` timestamp NULL DEFAULT NULL,
  `stop_public` timestamp NULL DEFAULT NULL,
  `config` text CHARACTER SET utf8 COLLATE utf8_czech_ci,
  PRIMARY KEY (`gallery_id`)
) ENGINE=InnoDB DEFAULT CHARSET=latin1;


DROP TABLE IF EXISTS `cms_label_ext_definitions`;
CREATE TABLE `cms_label_ext_definitions` (
  `ext_id` int(11) NOT NULL AUTO_INCREMENT,
  `title` varchar(45) COLLATE utf8_bin DEFAULT NULL,
  `identifier` varchar(45) COLLATE utf8_bin DEFAULT NULL,
  `name` varchar(45) COLLATE utf8_bin DEFAULT NULL,
  `label_id` int(11) DEFAULT NULL,
  PRIMARY KEY (`ext_id`),
  KEY `fk_cms_label_ext_definitions_1` (`label_id`),
  CONSTRAINT `fk_cms_label_ext_definitions_1` FOREIGN KEY (`label_id`) REFERENCES `cms_labels` (`label_id`) ON DELETE CASCADE ON UPDATE CASCADE
) ENGINE=InnoDB DEFAULT CHARSET=utf8 COLLATE=utf8_bin;

INSERT INTO `cms_label_ext_definitions` (`ext_id`, `title`, `identifier`, `name`, `label_id`) VALUES
(1,	'Atributy kategorie',	'eng_cat_params',	'parameters',	4),
(2,	'Hodnoty parametrů',	'val_eng_cat_params',	'parameterValues',	5),
(3,	'Customer benefits',	'eng_cb',	'structuredParams',	5),
(4,	'Obrázek v menu',	'menu_image',	'textArea',	5),
(5,	'Obrázek v bloku',	'home_block_image',	'textArea',	4),
(6,	'Obrázek v Customer benefits',	'eng_cb_image',	'textArea',	5),
(7,	'Obrázek v hlavním menu',	'eng_cp_image',	'textArea',	6),
(8,	'Text v hlavním menu',	'eng_cp_text',	'textArea',	6),
(9,	'Obrázek na pozadí',	'eng_cp_values_image',	'textArea',	12),
(10,	'Obrázek',	'eng_timeline_image',	'textArea',	13),
(11,	'Fotka',	'eng_cc_people_image',	'textArea',	14),
(12,	'Pracovní pozice',	'eng_cc_people_position',	'text',	14),
(13,	'Telefon',	'eng_cc_people_phone',	'text',	14),
(14,	'Email',	'eng_cc_people_email',	'text',	14),
(15,	'Společnost',	'eng_rep_company',	'text',	16),
(16,	'Kontaktní osoba',	'eng_rep_person',	'text',	16),
(17,	'Telefon',	'eng_rep_phone',	'text',	16),
(18,	'Mobil',	'eng_rep_mobil',	'text',	16),
(19,	'Fax',	'eng_rep_fax',	'text',	16),
(20,	'Email',	'eng_rep_email',	'text',	16),
(21,	'Web',	'eng_rep_web',	'text',	16),
(22,	'Longitude',	'eng_rep_longitude',	'text',	16),
(23,	'Latitude',	'eng_rep_latitude',	'text',	16),
(24,	'Adresa',	'eng_rep_address',	'textArea',	16),
(25,	'Stroje',	'eng_ref_product',	'select',	17),
(26,	'Podnadpis',	'eng_ref_subhead',	'text',	17),
(27,	'Perex',	'eng_ref_perex',	'textArea',	17),
(28,	'Logo',	'eng_news_logo',	'textArea',	18);

DROP TABLE IF EXISTS `cms_labels`;
CREATE TABLE `cms_labels` (
  `label_id` int(11) NOT NULL AUTO_INCREMENT,
  `name` varchar(50) NOT NULL,
  `nicename` varchar(50) NOT NULL,
  `color` varchar(6) NOT NULL,
  `is_resource` tinyint(1) NOT NULL,
  `is_singleton` tinyint(1) NOT NULL,
  `page_order` text,
  `depth_of_recursion` int(11) DEFAULT '0' COMMENT '0 = off,NULL = full recursion,else ... depth of recursion',
  `ext_definitions` text COMMENT 'rozsireni polozek stranky',
  `langs` text,
  `create_button` tinyint(4) DEFAULT NULL,
  `module` varchar(40) DEFAULT NULL,
  `layout` varchar(40) DEFAULT NULL,
  `lock_layout` tinyint(4) NOT NULL DEFAULT '0',
  PRIMARY KEY (`label_id`)
) ENGINE=InnoDB DEFAULT CHARSET=utf8;

INSERT INTO `cms_labels` (`label_id`, `name`, `nicename`, `color`, `is_resource`, `is_singleton`, `page_order`, `depth_of_recursion`, `ext_definitions`, `langs`, `create_button`, `module`, `layout`, `lock_layout`) VALUES
(1,	'Homepage',	'homepage',	'f7f7f7',	0,	0,	NULL,	NULL,	NULL,	'a:4:{s:2:\"en\";b:1;s:2:\"cs\";b:1;s:2:\"cn\";b:1;s:2:\"ru\";b:1;}',	0,	'Front/SomaEng',	NULL,	0),
(3,	'Hlavní menu',	'hlavni-menu',	'ff4747',	0,	0,	NULL,	NULL,	NULL,	'a:4:{s:2:\"en\";b:1;s:2:\"cs\";b:1;s:2:\"cn\";b:1;s:2:\"ru\";b:1;}',	0,	'Front/SomaEng',	NULL,	0),
(4,	'Kategorie',	'kategorie',	'0000ff',	0,	0,	NULL,	1,	NULL,	'a:4:{s:2:\"en\";b:1;s:2:\"cs\";b:1;s:2:\"cn\";b:1;s:2:\"ru\";b:1;}',	1,	'Front/SomaEng',	NULL,	0),
(5,	'Stroje',	'stroje',	'1da147',	0,	0,	NULL,	1,	NULL,	'a:4:{s:2:\"en\";b:1;s:2:\"cs\";b:1;s:2:\"cn\";b:1;s:2:\"ru\";b:1;}',	1,	'Front/SomaEng',	NULL,	0),
(6,	'Company profile',	'company-profile',	'ffee00',	0,	0,	NULL,	1,	NULL,	'a:4:{s:2:\"en\";b:1;s:2:\"cs\";b:1;s:2:\"cn\";b:1;s:2:\"ru\";b:1;}',	1,	'Front/SomaEng',	NULL,	0),
(7,	'Products',	'products',	'ffff00',	0,	0,	NULL,	2,	NULL,	'a:4:{s:2:\"en\";b:1;s:2:\"cs\";b:1;s:2:\"cn\";b:1;s:2:\"ru\";b:1;}',	0,	'Front/SomaEng',	NULL,	0),
(8,	'ProductTab',	'producttab',	'd500ff',	0,	0,	NULL,	1,	NULL,	'a:4:{s:2:\"en\";b:1;s:2:\"cs\";b:1;s:2:\"cn\";b:1;s:2:\"ru\";b:1;}',	1,	'Front/SomaEng',	NULL,	0),
(9,	'Homepage',	'homepage',	'0000ff',	0,	0,	NULL,	NULL,	NULL,	'a:2:{s:2:\"cs\";b:1;s:2:\"pl\";b:1;}',	0,	'Front/SomaPel',	NULL,	0),
(10,	'Hlavní menu',	'hlavni-menu',	'f00000',	0,	0,	NULL,	NULL,	NULL,	'a:2:{s:2:\"cs\";b:1;s:2:\"pl\";b:1;}',	0,	'Front/SomaPel',	NULL,	0),
(11,	'Company profile',	'company-profile',	'c6d400',	0,	0,	NULL,	1,	NULL,	'a:2:{s:2:\"cs\";b:1;s:2:\"pl\";b:1;}',	0,	'Front/SomaPel',	NULL,	0),
(12,	'Company values',	'company-values',	'ff00ff',	0,	0,	NULL,	1,	NULL,	'a:4:{s:2:\"en\";b:1;s:2:\"cs\";b:1;s:2:\"cn\";b:1;s:2:\"ru\";b:1;}',	1,	'Front/SomaEng',	NULL,	0),
(13,	'TimeLine',	'timeline',	'a1a1e6',	0,	0,	NULL,	1,	NULL,	'a:4:{s:2:\"en\";b:1;s:2:\"cs\";b:1;s:2:\"cn\";b:1;s:2:\"ru\";b:1;}',	1,	'Front/SomaEng',	NULL,	0),
(14,	'People',	'people',	'00eeff',	0,	0,	NULL,	1,	NULL,	'a:4:{s:2:\"en\";b:1;s:2:\"cs\";b:1;s:2:\"cn\";b:1;s:2:\"ru\";b:1;}',	1,	'Front/SomaEng',	NULL,	0),
(15,	'Customer care',	'customer-care',	'ffffff',	0,	0,	NULL,	1,	NULL,	'a:4:{s:2:\"en\";b:1;s:2:\"cs\";b:1;s:2:\"cn\";b:1;s:2:\"ru\";b:1;}',	1,	'Front/SomaEng',	NULL,	0),
(16,	'Countries',	'countries',	'3dffff',	0,	0,	NULL,	1,	NULL,	'a:4:{s:2:\"en\";b:1;s:2:\"cs\";b:1;s:2:\"cn\";b:1;s:2:\"ru\";b:1;}',	1,	'Front/SomaEng',	NULL,	0),
(17,	'Reference',	'reference',	'fa0808',	0,	0,	NULL,	1,	NULL,	'a:4:{s:2:\"en\";b:1;s:2:\"cs\";b:1;s:2:\"cn\";b:1;s:2:\"ru\";b:1;}',	1,	'Front/SomaEng',	NULL,	0),
(18,	'Novinky',	'novinky',	'00ffea',	0,	0,	NULL,	1,	NULL,	'a:4:{s:2:\"en\";b:1;s:2:\"cs\";b:1;s:2:\"cn\";b:1;s:2:\"ru\";b:1;}',	1,	'Front/SomaEng',	NULL,	0),
(19,	'Company values single',	'company-values-single',	'0000ff',	0,	0,	NULL,	NULL,	NULL,	'a:4:{s:2:\"en\";b:1;s:2:\"cs\";b:1;s:2:\"cn\";b:1;s:2:\"ru\";b:1;}',	0,	'Front/SomaEng',	NULL,	0),
(20,	'Novinky single',	'novinky-single',	'0000ff',	0,	0,	NULL,	NULL,	NULL,	'a:4:{s:2:\"en\";b:1;s:2:\"cs\";b:1;s:2:\"cn\";b:1;s:2:\"ru\";b:1;}',	0,	'Front/SomaEng',	NULL,	0),
(21,	'Events',	'events',	'0000ff',	0,	0,	NULL,	1,	NULL,	'a:4:{s:2:\"en\";b:1;s:2:\"cs\";b:1;s:2:\"cn\";b:1;s:2:\"ru\";b:1;}',	1,	'Front/SomaEng',	'subpageLayout.latte',	0),
(22,	'Footer first',	'footer-first',	'137026',	0,	0,	NULL,	1,	NULL,	'a:4:{s:2:\"en\";b:1;s:2:\"cs\";b:1;s:2:\"cn\";b:1;s:2:\"ru\";b:1;}',	0,	'Front/SomaEng',	'subpageLayout.latte',	0);

DROP TABLE IF EXISTS `cms_page_tree`;
CREATE TABLE `cms_page_tree` (
  `tree_node_id` int(11) NOT NULL AUTO_INCREMENT,
  `parent` int(11) DEFAULT NULL,
  `sortorder` int(11) DEFAULT NULL,
  `layout` varchar(60) CHARACTER SET utf8 COLLATE utf8_czech_ci NOT NULL,
  `module` varchar(40) CHARACTER SET utf8 COLLATE utf8_czech_ci NOT NULL,
  `pattern` int(11) NOT NULL,
  `pattern_module` varchar(40) CHARACTER SET utf8 COLLATE utf8_czech_ci NOT NULL,
  PRIMARY KEY (`tree_node_id`)
) ENGINE=InnoDB DEFAULT CHARSET=utf8;

INSERT INTO `cms_page_tree` (`tree_node_id`, `parent`, `sortorder`, `layout`, `module`, `pattern`, `pattern_module`) VALUES
(1,	0,	10,	'homepageLayout.latte',	'Front/SomaEng',	0,	''),
(2,	0,	20,	'subpageLayout.latte',	'Front/SomaEng',	0,	''),
(3,	0,	30,	'companyProfile.latte',	'Front/SomaEng',	0,	''),
(4,	0,	40,	'customerCare.latte',	'Front/SomaEng',	0,	''),
(5,	0,	50,	'representatives.latte',	'Front/SomaEng',	0,	''),
(6,	0,	60,	'reference.latte',	'Front/SomaEng',	0,	''),
(7,	0,	70,	'newsletters.latte',	'Front/SomaEng',	0,	''),
(8,	0,	80,	'subpageLayout.latte',	'Front/SomaEng',	0,	''),
(9,	2,	90,	'categoryDetail.latte',	'Front/SomaEng',	0,	''),
(10,	2,	100,	'categoryDetail.latte',	'Front/SomaEng',	0,	''),
(11,	2,	110,	'subpageLayout.latte',	'Front/SomaEng',	0,	''),
(12,	2,	120,	'subpageLayout.latte',	'Front/SomaEng',	0,	''),
(13,	2,	130,	'subpageLayout.latte',	'Front/SomaEng',	0,	''),
(14,	2,	140,	'subpageLayout.latte',	'Front/SomaEng',	0,	''),
(15,	9,	150,	'productDetail.latte',	'Front/SomaEng',	0,	''),
(16,	9,	160,	'productDetail.latte',	'Front/SomaEng',	0,	''),
(17,	9,	170,	'subpageLayout.latte',	'Front/SomaEng',	0,	''),
(18,	9,	180,	'subpageLayout.latte',	'Front/SomaEng',	0,	''),
(19,	9,	190,	'subpageLayout.latte',	'Front/SomaEng',	0,	''),
(20,	10,	200,	'productDetail.latte',	'Front/SomaEng',	0,	''),
(21,	10,	210,	'subpageLayout.latte',	'Front/SomaEng',	0,	''),
(22,	10,	220,	'subpageLayout.latte',	'Front/SomaEng',	0,	''),
(23,	10,	230,	'subpageLayout.latte',	'Front/SomaEng',	0,	''),
(24,	11,	240,	'subpageLayout.latte',	'Front/SomaEng',	0,	''),
(25,	12,	250,	'subpageLayout.latte',	'Front/SomaEng',	0,	''),
(26,	13,	260,	'subpageLayout.latte',	'Front/SomaEng',	0,	''),
(27,	14,	270,	'subpageLayout.latte',	'Front/SomaEng',	0,	''),
(28,	3,	280,	'ownersCredo.latte',	'Front/SomaEng',	0,	''),
(29,	3,	290,	'companyValues.latte',	'Front/SomaEng',	0,	''),
(30,	3,	300,	'companyHistory.latte',	'Front/SomaEng',	0,	''),
(31,	3,	310,	'somaGlobe.latte',	'Front/SomaEng',	0,	''),
(32,	0,	320,	'news.latte',	'Front/SomaEng',	0,	''),
(33,	15,	330,	'headless/customerBenefits.latte',	'Front/SomaEng',	0,	''),
(34,	15,	340,	'headless/overview.latte',	'Front/SomaEng',	0,	''),
(35,	15,	350,	'headless/references.latte',	'Front/SomaEng',	0,	''),
(36,	15,	360,	'headless/downloadSection.latte',	'Front/SomaEng',	0,	''),
(37,	16,	370,	'headless/customerBenefits.latte',	'Front/SomaEng',	0,	''),
(38,	16,	380,	'headless/overview.latte',	'Front/SomaEng',	0,	''),
(39,	0,	390,	'homepageLayout.latte',	'Front/SomaPel',	0,	''),
(40,	0,	400,	'subpageLayout.latte',	'Front/SomaPel',	0,	''),
(41,	0,	410,	'subpageLayout.latte',	'Front/SomaPel',	3,	'Front/SomaPel'),
(42,	41,	420,	'news.latte',	'Front/SomaPel',	28,	'Front/SomaPel'),
(43,	29,	430,	'headless/companyValueTab.latte',	'Front/SomaEng',	0,	''),
(44,	29,	440,	'headless/companyValueTab.latte',	'Front/SomaEng',	0,	''),
(45,	29,	450,	'headless/companyValueTab.latte',	'Front/SomaEng',	0,	''),
(46,	29,	460,	'headless/companyValueTab.latte',	'Front/SomaEng',	0,	''),
(47,	29,	470,	'headless/companyValueTab.latte',	'Front/SomaEng',	0,	''),
(48,	30,	480,	'subpageLayout.latte',	'Front/SomaEng',	0,	''),
(49,	30,	490,	'subpageLayout.latte',	'Front/SomaEng',	0,	''),
(50,	4,	500,	'headless/people.latte',	'Front/SomaEng',	0,	''),
(51,	4,	510,	'headless/people.latte',	'Front/SomaEng',	0,	''),
(52,	50,	520,	'subpageLayout.latte',	'Front/SomaEng',	0,	''),
(53,	50,	530,	'subpageLayout.latte',	'Front/SomaEng',	0,	''),
(54,	5,	540,	'country.latte',	'Front/SomaEng',	0,	''),
(55,	5,	550,	'country.latte',	'Front/SomaEng',	0,	''),
(56,	6,	560,	'referenceDetail.latte',	'Front/SomaEng',	0,	''),
(57,	32,	570,	'newsDetail.latte',	'Front/SomaEng',	0,	''),
(58,	0,	580,	'subpageLayout.latte',	'Front/SomaEng',	0,	'');

DROP TABLE IF EXISTS `cms_pages`;
CREATE TABLE `cms_pages` (
  `page_id` int(11) NOT NULL AUTO_INCREMENT,
  `entity` varchar(20) DEFAULT NULL,
  `lang` varchar(5) DEFAULT NULL,
  `name` text,
  `url_name` text,
  `title` text,
  `page_title` varchar(200) DEFAULT NULL,
  `link_title` text,
  `menu_title` text,
  `version` int(11) DEFAULT NULL,
  `content` text,
  `content2` text,
  `status` enum('draft','published','trashed','deleted') DEFAULT 'draft',
  `inherits_from` int(11) DEFAULT NULL,
  `user_id` int(11) DEFAULT NULL,
  `created` timestamp NULL DEFAULT CURRENT_TIMESTAMP,
  `tree_node_id` int(11) DEFAULT NULL,
  `meta_keys` text,
  `meta_description` text,
  `layout` varchar(50) CHARACTER SET utf8 COLLATE utf8_czech_ci DEFAULT NULL,
  `ext_values` text COMMENT 'rozsirene polozky stranky - serializovane',
  `start_public` timestamp NULL DEFAULT NULL,
  `stop_public` timestamp NULL DEFAULT NULL,
  `sortorder` int(11) DEFAULT NULL,
  PRIMARY KEY (`page_id`),
  KEY `fk_cms_pages_2` (`tree_node_id`),
  KEY `fk_cms_pages_3` (`user_id`),
  KEY `fk_cms_pages_4` (`inherits_from`),
  KEY `fk_cms_pages_1` (`layout`),
  KEY `k_cms_pages_lang` (`lang`),
  CONSTRAINT `cms_pages_ibfk_2` FOREIGN KEY (`tree_node_id`) REFERENCES `cms_page_tree` (`tree_node_id`) ON DELETE CASCADE ON UPDATE CASCADE,
  CONSTRAINT `cms_pages_ibfk_3` FOREIGN KEY (`user_id`) REFERENCES `cms_users` (`user_id`) ON DELETE SET NULL ON UPDATE SET NULL,
  CONSTRAINT `cms_pages_ibfk_4` FOREIGN KEY (`inherits_from`) REFERENCES `cms_pages` (`page_id`) ON DELETE SET NULL ON UPDATE SET NULL
) ENGINE=InnoDB DEFAULT CHARSET=utf8;

INSERT INTO `cms_pages` (`page_id`, `entity`, `lang`, `name`, `url_name`, `title`, `page_title`, `link_title`, `menu_title`, `version`, `content`, `content2`, `status`, `inherits_from`, `user_id`, `created`, `tree_node_id`, `meta_keys`, `meta_description`, `layout`, `ext_values`, `start_public`, `stop_public`, `sortorder`) VALUES
(33,	'page',	'en',	'Contact',	'Contact',	'Contact',	'Contact',	'Contact',	'Contact',	1,	'',	'',	'published',	NULL,	NULL,	'2012-11-27 16:14:54',	8,	'',	'',	NULL,	NULL,	NULL,	NULL,	NULL),
(34,	'page',	'cs',	'Kontakt',	'Kontakt',	'Kontakt',	'Kontakt',	'Kontakt',	'Kontakt',	1,	'',	'',	'published',	NULL,	NULL,	'2012-11-27 16:14:54',	8,	'',	'',	NULL,	NULL,	NULL,	NULL,	NULL),
(35,	'page',	'cn',	'联系我们',	'Contact',	'联系我们',	'联系我们',	'联系我们',	'联系我们',	1,	'',	'',	'published',	NULL,	NULL,	'2012-11-27 16:14:54',	8,	'',	'',	NULL,	NULL,	NULL,	NULL,	NULL),
(36,	'page',	'ru',	'Контакты',	'Contact',	'Контакты',	'Контакты',	'Контакты',	'Контакты',	1,	'',	'',	'published',	NULL,	NULL,	'2012-11-27 16:14:54',	8,	'',	'',	NULL,	NULL,	NULL,	NULL,	NULL),
(64,	'page',	'en',	'Plate mounters',	'Plate mounters',	'Plate mounters',	'Plate mounters',	'Plate mounters',	'Plate mounters',	3,	'',	'',	'published',	NULL,	NULL,	'2012-11-27 16:56:37',	12,	'',	'',	NULL,	NULL,	NULL,	NULL,	NULL),
(65,	'page',	'cs',	'Montážky',	'Montážky',	'Montážky',	'Montážky',	'Montážky',	'Montážky',	2,	'',	'',	'published',	NULL,	NULL,	'2012-11-27 16:56:37',	12,	'',	'',	NULL,	NULL,	NULL,	NULL,	NULL),
(66,	'page',	'cn',	'上版机',	'Plate mounters',	'上版机',	'上版机',	'上版机',	'上版机',	1,	'',	'',	'published',	NULL,	NULL,	'2012-11-27 16:56:37',	12,	'',	'',	NULL,	NULL,	NULL,	NULL,	NULL),
(67,	'page',	'ru',	'Монтажные машины',	'Plate mounters',	'Монтажные машины',	'Монтажные машины',	'Монтажные машины',	'Монтажные машины',	1,	'',	'',	'published',	NULL,	NULL,	'2012-11-27 16:56:37',	12,	'',	'',	NULL,	NULL,	NULL,	NULL,	NULL),
(68,	'page',	'en',	'Sheeters',	'Sheeters',	'Sheeters',	'Sheeters',	'Sheeters',	'Sheeters',	3,	'',	'',	'published',	NULL,	NULL,	'2012-11-27 16:57:04',	13,	'',	'',	NULL,	NULL,	NULL,	NULL,	NULL),
(69,	'page',	'cs',	'Archovačky',	'Archovačky',	'Archovačky',	'Archovačky',	'Archovačky',	'Archovačky',	2,	'',	'',	'published',	NULL,	NULL,	'2012-11-27 16:57:04',	13,	'',	'',	NULL,	NULL,	NULL,	NULL,	NULL),
(70,	'page',	'cn',	'纵横分切设备',	'Sheeters',	'纵横分切设备',	'纵横分切设备',	'纵横分切设备',	'纵横分切设备',	1,	'',	'',	'published',	NULL,	NULL,	'2012-11-27 16:57:04',	13,	'',	'',	NULL,	NULL,	NULL,	NULL,	NULL),
(71,	'page',	'ru',	'Листорезальные машины',	'Sheeters',	'Листорезальные машины',	'Листорезальные машины',	'Листорезальные машины',	'Листорезальные машины',	1,	'',	'',	'published',	NULL,	NULL,	'2012-11-27 16:57:04',	13,	'',	'',	NULL,	NULL,	NULL,	NULL,	NULL),
(72,	'page',	'en',	'Die Cutters',	'Die Cutters',	'Die Cutters',	'Die Cutters',	'Die Cutters',	'Die Cutters',	3,	'',	'',	'published',	NULL,	NULL,	'2012-11-27 16:57:38',	14,	'',	'',	NULL,	NULL,	NULL,	NULL,	NULL),
(73,	'page',	'cs',	'Vysekávačky',	'Vysekávačky',	'Vysekávačky',	'Vysekávačky',	'Vysekávačky',	'Vysekávačky',	2,	'',	'',	'published',	NULL,	NULL,	'2012-11-27 16:57:38',	14,	'',	'',	NULL,	NULL,	NULL,	NULL,	NULL),
(74,	'page',	'cn',	'模切设备',	'Die Cutters',	'模切设备',	'模切设备',	'模切设备',	'模切设备',	1,	'',	'',	'published',	NULL,	NULL,	'2012-11-27 16:57:38',	14,	'',	'',	NULL,	NULL,	NULL,	NULL,	NULL),
(75,	'page',	'ru',	'Вырубные машины',	'Die Cutters',	'Вырубные машины',	'Вырубные машины',	'Вырубные машины',	'Вырубные машины',	1,	'',	'',	'published',	NULL,	NULL,	'2012-11-27 16:57:38',	14,	'',	'',	NULL,	NULL,	NULL,	NULL,	NULL),
(100,	'page',	'en',	'VENUS II',	'VENUS II',	'VENUS II',	'VENUS II',	'VENUS II',	'VENUS II',	1,	'',	'',	'published',	NULL,	NULL,	'2012-11-27 17:06:46',	21,	'',	'',	NULL,	NULL,	NULL,	NULL,	NULL),
(101,	'page',	'cs',	'VENUS II',	'VENUS II',	'VENUS II',	'VENUS II',	'VENUS II',	'VENUS II',	1,	'',	'',	'published',	NULL,	NULL,	'2012-11-27 17:06:46',	21,	'',	'',	NULL,	NULL,	NULL,	NULL,	NULL),
(102,	'page',	'cn',	'VENUS II',	'VENUS II',	'VENUS II',	'VENUS II',	'VENUS II',	'VENUS II',	1,	'',	'',	'published',	NULL,	NULL,	'2012-11-27 17:06:46',	21,	'',	'',	NULL,	NULL,	NULL,	NULL,	NULL),
(103,	'page',	'ru',	'VENUS II',	'VENUS II',	'VENUS II',	'VENUS II',	'VENUS II',	'VENUS II',	1,	'',	'',	'published',	NULL,	NULL,	'2012-11-27 17:06:46',	21,	'',	'',	NULL,	NULL,	NULL,	NULL,	NULL),
(104,	'page',	'en',	'PLUTO III',	'PLUTO III',	'PLUTO III',	'PLUTO III',	'PLUTO III',	'PLUTO III',	1,	'',	'',	'published',	NULL,	NULL,	'2012-11-27 17:07:12',	22,	'',	'',	NULL,	NULL,	NULL,	NULL,	NULL),
(105,	'page',	'cs',	'PLUTO III',	'PLUTO III',	'PLUTO III',	'PLUTO III',	'PLUTO III',	'PLUTO III',	1,	'',	'',	'published',	NULL,	NULL,	'2012-11-27 17:07:12',	22,	'',	'',	NULL,	NULL,	NULL,	NULL,	NULL),
(106,	'page',	'cn',	'PLUTO III',	'PLUTO III',	'PLUTO III',	'PLUTO III',	'PLUTO III',	'PLUTO III',	1,	'',	'',	'published',	NULL,	NULL,	'2012-11-27 17:07:12',	22,	'',	'',	NULL,	NULL,	NULL,	NULL,	NULL),
(107,	'page',	'ru',	'PLUTO III',	'PLUTO III',	'PLUTO III',	'PLUTO III',	'PLUTO III',	'PLUTO III',	1,	'',	'',	'published',	NULL,	NULL,	'2012-11-27 17:07:12',	22,	'',	'',	NULL,	NULL,	NULL,	NULL,	NULL),
(108,	'page',	'en',	'PLUTO ECO',	'PLUTO ECO',	'PLUTO ECO',	'PLUTO ECO',	'PLUTO ECO',	'PLUTO ECO',	1,	'',	'',	'published',	NULL,	NULL,	'2012-11-27 17:07:30',	23,	'',	'',	NULL,	NULL,	NULL,	NULL,	NULL),
(109,	'page',	'cs',	'PLUTO ECO',	'PLUTO ECO',	'PLUTO ECO',	'PLUTO ECO',	'PLUTO ECO',	'PLUTO ECO',	1,	'',	'',	'published',	NULL,	NULL,	'2012-11-27 17:07:31',	23,	'',	'',	NULL,	NULL,	NULL,	NULL,	NULL),
(110,	'page',	'cn',	'PLUTO ECO',	'PLUTO ECO',	'PLUTO ECO',	'PLUTO ECO',	'PLUTO ECO',	'PLUTO ECO',	1,	'',	'',	'published',	NULL,	NULL,	'2012-11-27 17:07:31',	23,	'',	'',	NULL,	NULL,	NULL,	NULL,	NULL),
(111,	'page',	'ru',	'PLUTO ECO',	'PLUTO ECO',	'PLUTO ECO',	'PLUTO ECO',	'PLUTO ECO',	'PLUTO ECO',	1,	'',	'',	'published',	NULL,	NULL,	'2012-11-27 17:07:31',	23,	'',	'',	NULL,	NULL,	NULL,	NULL,	NULL),
(112,	'page',	'en',	'LAMIFLEX E',	'LAMIFLEX E',	'LAMIFLEX E',	'LAMIFLEX E',	'LAMIFLEX E',	'LAMIFLEX E',	1,	'',	'',	'published',	NULL,	NULL,	'2012-11-27 17:08:03',	24,	'',	'',	NULL,	NULL,	NULL,	NULL,	NULL),
(113,	'page',	'cs',	'LAMIFLEX E',	'LAMIFLEX E',	'LAMIFLEX E',	'LAMIFLEX E',	'LAMIFLEX E',	'LAMIFLEX E',	1,	'',	'',	'published',	NULL,	NULL,	'2012-11-27 17:08:03',	24,	'',	'',	NULL,	NULL,	NULL,	NULL,	NULL),
(114,	'page',	'cn',	'LAMIFLEX E',	'LAMIFLEX E',	'LAMIFLEX E',	'LAMIFLEX E',	'LAMIFLEX E',	'LAMIFLEX E',	1,	'',	'',	'published',	NULL,	NULL,	'2012-11-27 17:08:03',	24,	'',	'',	NULL,	NULL,	NULL,	NULL,	NULL),
(115,	'page',	'ru',	'LAMIFLEX E',	'LAMIFLEX E',	'LAMIFLEX E',	'LAMIFLEX E',	'LAMIFLEX E',	'LAMIFLEX E',	1,	'',	'',	'published',	NULL,	NULL,	'2012-11-27 17:08:03',	24,	'',	'',	NULL,	NULL,	NULL,	NULL,	NULL),
(116,	'page',	'en',	'FLEXMONT',	'FLEXMONT',	'FLEXMONT',	'FLEXMONT',	'FLEXMONT',	'FLEXMONT',	1,	'',	'',	'published',	NULL,	NULL,	'2012-11-27 17:09:08',	25,	'',	'',	NULL,	NULL,	NULL,	NULL,	NULL),
(117,	'page',	'cs',	'FLEXMONT',	'FLEXMONT',	'FLEXMONT',	'FLEXMONT',	'FLEXMONT',	'FLEXMONT',	1,	'',	'',	'published',	NULL,	NULL,	'2012-11-27 17:09:08',	25,	'',	'',	NULL,	NULL,	NULL,	NULL,	NULL),
(118,	'page',	'cn',	'FLEXMONT',	'FLEXMONT',	'FLEXMONT',	'FLEXMONT',	'FLEXMONT',	'FLEXMONT',	1,	'',	'',	'published',	NULL,	NULL,	'2012-11-27 17:09:08',	25,	'',	'',	NULL,	NULL,	NULL,	NULL,	NULL),
(119,	'page',	'ru',	'FLEXMONT',	'FLEXMONT',	'FLEXMONT',	'FLEXMONT',	'FLEXMONT',	'FLEXMONT',	1,	'',	'',	'published',	NULL,	NULL,	'2012-11-27 17:09:08',	25,	'',	'',	NULL,	NULL,	NULL,	NULL,	NULL),
(120,	'page',	'en',	'SOMACUT',	'SOMACUT',	'SOMACUT',	'SOMACUT',	'SOMACUT',	'SOMACUT',	1,	'',	'',	'published',	NULL,	NULL,	'2012-11-27 17:09:41',	26,	'',	'',	NULL,	NULL,	NULL,	NULL,	NULL),
(121,	'page',	'cs',	'SOMACUT',	'SOMACUT',	'SOMACUT',	'SOMACUT',	'SOMACUT',	'SOMACUT',	1,	'',	'',	'published',	NULL,	NULL,	'2012-11-27 17:09:41',	26,	'',	'',	NULL,	NULL,	NULL,	NULL,	NULL),
(122,	'page',	'cn',	'SOMACUT',	'SOMACUT',	'SOMACUT',	'SOMACUT',	'SOMACUT',	'SOMACUT',	1,	'',	'',	'published',	NULL,	NULL,	'2012-11-27 17:09:41',	26,	'',	'',	NULL,	NULL,	NULL,	NULL,	NULL),
(123,	'page',	'ru',	'SOMACUT',	'SOMACUT',	'SOMACUT',	'SOMACUT',	'SOMACUT',	'SOMACUT',	1,	'',	'',	'published',	NULL,	NULL,	'2012-11-27 17:09:41',	26,	'',	'',	NULL,	NULL,	NULL,	NULL,	NULL),
(124,	'page',	'en',	'BULLDOG',	'BULLDOG',	'BULLDOG',	'BULLDOG',	'BULLDOG',	'BULLDOG',	1,	'',	'',	'published',	NULL,	NULL,	'2012-11-27 17:10:16',	27,	'',	'',	NULL,	NULL,	NULL,	NULL,	NULL),
(125,	'page',	'cs',	'BULLDOG',	'BULLDOG',	'BULLDOG',	'BULLDOG',	'BULLDOG',	'BULLDOG',	1,	'',	'',	'published',	NULL,	NULL,	'2012-11-27 17:10:16',	27,	'',	'',	NULL,	NULL,	NULL,	NULL,	NULL),
(126,	'page',	'cn',	'BULLDOG',	'BULLDOG',	'BULLDOG',	'BULLDOG',	'BULLDOG',	'BULLDOG',	1,	'',	'',	'published',	NULL,	NULL,	'2012-11-27 17:10:16',	27,	'',	'',	NULL,	NULL,	NULL,	NULL,	NULL),
(127,	'page',	'ru',	'BULLDOG',	'BULLDOG',	'BULLDOG',	'BULLDOG',	'BULLDOG',	'BULLDOG',	1,	'',	'',	'published',	NULL,	NULL,	'2012-11-27 17:10:16',	27,	'',	'',	NULL,	NULL,	NULL,	NULL,	NULL),
(196,	'page',	'en',	'Products',	'Products',	'Products',	'SOMA ENGINEERING PRODUCT PORTFOLIO',	'Products',	'Products',	2,	'<h2>Profit Making Technology&nbsp;</h2>\r\n<p>SOMA Engineering designs and manufactures high quality printing and converting machines for a wide variety of industries. Its portfolio encompasses CI flexographic presses, slitter rewinders, laminators &amp; coaters, plate mounters, sheeters, die cutters and special purpose machines.</p>',	'',	'published',	NULL,	NULL,	'2012-11-30 11:14:26',	2,	'',	'',	NULL,	NULL,	NULL,	NULL,	NULL),
(197,	'page',	'cs',	'Produkty',	'Produkty',	'Produkty',	'Produkty',	'Produkty',	'Produkty',	2,	'',	'',	'published',	NULL,	NULL,	'2012-11-30 11:14:26',	2,	'',	'',	NULL,	NULL,	NULL,	NULL,	NULL),
(198,	'page',	'cn',	'产品介绍',	'Products',	'产品介绍',	'产品介绍',	'产品介绍',	'产品介绍',	2,	'',	'',	'published',	NULL,	NULL,	'2012-11-30 11:14:27',	2,	'',	'',	NULL,	NULL,	NULL,	NULL,	NULL),
(199,	'page',	'ru',	'ПРОДУКЦИЯ',	'Products',	'ПРОДУКЦИЯ',	'ПРОДУКЦИЯ',	'ПРОДУКЦИЯ',	'ПРОДУКЦИЯ',	2,	'',	'',	'published',	NULL,	NULL,	'2012-11-30 11:14:27',	2,	'',	'',	NULL,	NULL,	NULL,	NULL,	NULL),
(254,	'page',	'en',	'Customer Benefits',	'Customer Benefits',	'Customer Benefits',	'Customer Benefits',	'Customer Benefits',	'Customer Benefits',	4,	'<p><span>214</span></p>',	'',	'published',	NULL,	NULL,	'2012-11-30 21:27:08',	33,	'',	'',	NULL,	NULL,	NULL,	NULL,	NULL),
(255,	'page',	'en',	'Homepage',	'Homepage',	'Home',	'Home',	'Home',	'Home',	12,	'<h2>Company expansion in 2012</h2>\r\n<p>&nbsp;</p>\r\n<div class=\"video\">\r\n<div class=\"video\"><a href=\"/company-profile/soma-globe\"><img src=\"/cms2/www/data/files/soma-eng/homepage/homepage-globe-10.jpg\" alt=\"\" /></a></div>\r\n</div>\r\n<div class=\"about\">\r\n<div class=\"img yt\">\r\n<h2>High-tech at drupa 2012</h2>\r\n<a class=\"youtube\" href=\"http://www.youtube.com/embed/Rev7Cvb4BM0?autoplay=1\"><img src=\"/cms2/www/data/files/soma-eng/homepage/drupa-2012-11.jpg\" alt=\"\" /></a></div>\r\n<div class=\"clearfix\">&nbsp;</div>\r\n</div>\r\n<div class=\"news\">&nbsp;</div>',	'',	'published',	NULL,	NULL,	'2012-11-30 21:27:40',	1,	'',	'',	NULL,	NULL,	NULL,	NULL,	NULL),
(256,	'page',	'cs',	'Homepage',	'Homepage',	'Home',	'Home',	'Home',	'Home',	12,	'',	'',	'published',	NULL,	NULL,	'2012-11-30 21:27:40',	1,	'',	'',	NULL,	NULL,	NULL,	NULL,	NULL),
(257,	'page',	'cn',	'Homepage',	'Homepage',	'Home',	'Home',	'Home',	'Home',	12,	'',	'',	'published',	NULL,	NULL,	'2012-11-30 21:27:40',	1,	'',	'',	NULL,	NULL,	NULL,	NULL,	NULL),
(258,	'page',	'ru',	'Homepage',	'Homepage',	'Home',	'Home',	'Home',	'Home',	12,	'',	'',	'published',	NULL,	NULL,	'2012-11-30 21:27:40',	1,	'',	'',	NULL,	NULL,	NULL,	NULL,	NULL),
(259,	'page',	'en',	'Overview',	'Overview',	'Overview',	'Overview',	'Overview',	'Overview',	4,	'',	'',	'published',	NULL,	NULL,	'2012-12-01 07:37:42',	34,	'',	'',	NULL,	NULL,	NULL,	NULL,	NULL),
(260,	'page',	'en',	'References',	'References',	'References',	'References',	'References',	'References',	4,	'',	'',	'published',	NULL,	NULL,	'2012-12-01 07:37:55',	35,	'',	'',	NULL,	NULL,	NULL,	NULL,	NULL),
(261,	'page',	'en',	'Download section',	'Download section',	'Download section',	'Download section',	'Download section',	'Download section',	6,	'',	'',	'published',	NULL,	NULL,	'2012-12-01 07:38:08',	36,	'',	'',	NULL,	NULL,	NULL,	NULL,	NULL),
(262,	'page',	'en',	'VENUS III',	'VENUS III',	'VENUS III',	'VENUS III',	'VENUS III',	'VENUS III',	2,	'',	'',	'published',	NULL,	NULL,	'2012-12-01 09:39:51',	20,	'',	'',	NULL,	NULL,	NULL,	NULL,	NULL),
(263,	'page',	'cs',	'VENUS III',	'VENUS III',	'VENUS III',	'VENUS III',	'VENUS III',	'VENUS III',	2,	'',	'',	'published',	NULL,	NULL,	'2012-12-01 09:39:52',	20,	'',	'',	NULL,	NULL,	NULL,	NULL,	NULL),
(264,	'page',	'cn',	'VENUS III',	'VENUS III',	'VENUS III',	'VENUS III',	'VENUS III',	'VENUS III',	2,	'',	'',	'published',	NULL,	NULL,	'2012-12-01 09:39:52',	20,	'',	'',	NULL,	NULL,	NULL,	NULL,	NULL),
(265,	'page',	'ru',	'VENUS III',	'VENUS III',	'VENUS III',	'VENUS III',	'VENUS III',	'VENUS III',	2,	'',	'',	'published',	NULL,	NULL,	'2012-12-01 09:39:52',	20,	'',	'',	NULL,	NULL,	NULL,	NULL,	NULL),
(266,	'page',	'en',	'Customer Benefits',	'Customer Benefits',	'Customer Benefits',	'Customer Benefits',	'Customer Benefits',	'Customer Benefits',	1,	'',	'',	'published',	NULL,	NULL,	'2012-12-01 09:43:05',	37,	'',	'',	NULL,	NULL,	NULL,	NULL,	NULL),
(271,	'page',	'en',	'Overview',	'Overview',	'Overview',	'Overview',	'Overview',	'Overview',	1,	'',	'',	'published',	NULL,	NULL,	'2012-12-01 09:44:20',	38,	'',	'',	NULL,	NULL,	NULL,	NULL,	NULL),
(280,	'page',	'cs',	'Úvod',	'Úvod',	'Úvod',	'Úvod',	'Úvod',	'Úvod',	1,	'',	'',	'published',	NULL,	NULL,	'2012-12-03 16:40:15',	39,	'',	'',	NULL,	NULL,	NULL,	NULL,	NULL),
(281,	'page',	'pl',	'Wprowadzenie',	'Wprowadzenie',	'Wprowadzenie',	'Wprowadzenie',	'Wprowadzenie',	'Wprowadzenie',	1,	'',	'',	'published',	NULL,	NULL,	'2012-12-03 16:40:15',	39,	'',	'',	NULL,	NULL,	NULL,	NULL,	NULL),
(282,	'page',	'cs',	'Produkty',	'Produkty',	'Produkty',	'Produkty',	'Produkty',	'Produkty',	1,	'',	'',	'published',	NULL,	NULL,	'2012-12-03 16:43:12',	40,	'',	'',	NULL,	NULL,	NULL,	NULL,	NULL),
(283,	'page',	'pl',	'Produkty',	'Produkty',	'Produkty',	'Produkty',	'Produkty',	'Produkty',	1,	'',	'',	'published',	NULL,	NULL,	'2012-12-03 16:43:12',	40,	'',	'',	NULL,	NULL,	NULL,	NULL,	NULL),
(284,	'page',	'en',	'Company Profile',	'Company Profile',	'Company Profile',	'Company Profile',	'Company Profile',	'Company Profile',	4,	'<div id=\"1\" class=\"mceCMSFile\">2006 SATY AGNES 118.jpg.jpg\r\n<p style=\"text-align: center;\"><img src=\"/cms2/www/js/tiny_mce/plugins/vd/img/icons/image_icon.png\" alt=\"\" /></p>\r\n</div>',	'',	'published',	NULL,	NULL,	'2012-12-03 16:46:00',	3,	'',	'',	NULL,	NULL,	NULL,	NULL,	NULL),
(285,	'page',	'cs',	'Profil společnosti',	'Profil společnosti',	'Profil společnosti',	'Profil společnosti',	'Profil společnosti',	'Profil společnosti',	4,	'',	'',	'published',	NULL,	NULL,	'2012-12-03 16:46:01',	3,	'',	'',	NULL,	NULL,	NULL,	NULL,	NULL),
(286,	'page',	'cn',	'公司简介',	'Company Profile',	'公司简介',	'公司简介',	'公司简介',	'公司简介',	4,	'',	'',	'published',	NULL,	NULL,	'2012-12-03 16:46:01',	3,	'',	'',	NULL,	NULL,	NULL,	NULL,	NULL),
(287,	'page',	'ru',	'ПРОФИЛЬ КОМПАНИИ',	'Company Profile',	'ПРОФИЛЬ КОМПАНИИ',	'ПРОФИЛЬ КОМПАНИИ',	'ПРОФИЛЬ КОМПАНИИ',	'ПРОФИЛЬ КОМПАНИИ',	4,	'',	'',	'published',	NULL,	NULL,	'2012-12-03 16:46:01',	3,	'',	'',	NULL,	NULL,	NULL,	NULL,	NULL),
(288,	'page',	'pl',	'Profil firmy',	'Profil firmy',	'Profil firmy',	'Profil firmy',	'Profil firmy',	'Profil firmy',	1,	'',	'',	'published',	NULL,	NULL,	'2012-12-03 16:46:01',	3,	'',	'',	NULL,	NULL,	NULL,	NULL,	NULL),
(306,	'page',	'en',	'Service',	'Service',	'Service',	'Service',	'Service',	'Service',	3,	'<p><span>Mutual trust and shared values are the foundations of a successful and long term business</span><br /><span>partnership. Our aim is to provide a high standard of service and individual customer care</span><br /><span>throughout the life of your machine. With the full access to the Soma Service Centre from the</span><br /><span>moment you purchase a Soma machine our team of experts will be fully at your disposal.</span></p>',	'',	'published',	NULL,	NULL,	'2012-12-04 09:08:10',	45,	'',	'',	NULL,	NULL,	NULL,	NULL,	NULL),
(307,	'page',	'en',	'High Tech',	'High Tech',	'High Tech',	'High Tech',	'High Tech',	'High Tech',	3,	'<p><span>Invention is the driving force of mankind. The continuous development of Soma products offer</span><br /><span>&lsquo;added value&rsquo; within the flexible printing and packaging industry and we consider this to be a key</span><br /><span>attribute to our success combined with our total&nbsp;commitment to customers. The drive to find</span><br /><span>new possibilities and solutions epitomise our team of dedicated employees.</span></p>',	'',	'published',	NULL,	NULL,	'2012-12-04 09:08:20',	46,	'',	'',	NULL,	NULL,	NULL,	NULL,	NULL),
(308,	'page',	'en',	'Sustainablity',	'Sustainablity',	'Sustainablity',	'Sustainablity',	'Sustainablity',	'Sustainablity',	2,	'',	'',	'published',	NULL,	NULL,	'2012-12-04 09:08:32',	47,	'',	'',	NULL,	NULL,	NULL,	NULL,	NULL),
(312,	'page',	'en',	'Tradition',	'Tradition',	'Tradition',	'Tradition',	'Tradition',	'Tradition',	6,	'<p><span>Soma has evolved from a local and traditional manufacturer of special-purpose machines into a</span><br /><span>recognized global player within the flexible printing and packaging industry. This success would</span><br /><span>have not been possible without the vision and commitment of its founder. &ldquo;The goals we have</span><br /><span>achieved, and the tradition from which we were founded is in essence the driving force for new</span><br /><span>challenges.&rdquo;</span></p>',	'',	'published',	NULL,	NULL,	'2012-12-04 13:08:49',	43,	'',	'',	NULL,	NULL,	NULL,	NULL,	NULL),
(313,	'page',	'en',	'Quality',	'Quality',	'Quality',	'Quality',	'Quality',	'Quality',	5,	'<p>High quality machines ensure long term success and prosperity. The performance, reliability, comfort<br />and maintenance costs of all Soma printing and packaging products are key areas where quality<br />and engineering play a crucial role. All key mechanical parts for Soma machines are manufactured</p>\r\n<p>in-house,&nbsp;with emphasis on the precise production of parts, accurate&nbsp;assembly and&nbsp;uncompromising</p>\r\n<p>quality control at every stage from design to final assembly and&nbsp;beyond.</p>',	'',	'published',	NULL,	NULL,	'2012-12-04 13:18:04',	44,	'',	'',	NULL,	NULL,	NULL,	NULL,	NULL),
(320,	'page',	'en',	'1890 - 1948',	'1890 - 1948',	'Schopper - Stodolowski textile production',	'1890 - 1948',	'1890 - 1948',	'1890 - 1948',	2,	'<p><span>In an effort to help locally unemployed weavers, Lankscron City Council purchased land and donated it to Schopper-Stodolowski to enable them to build a textile factory.</span></p>',	'',	'published',	NULL,	NULL,	'2012-12-04 14:05:27',	48,	'',	'',	NULL,	NULL,	NULL,	NULL,	NULL),
(321,	'page',	'en',	'1956 - 1992',	'1956 - 1992',	'TESLA state owned company',	'1956 - 1992',	'1956 - 1992',	'1956 - 1992',	2,	'<p><span>Tesla, a division of the then state owned electronics company commences manufacture of slitting and rewinding machines</span></p>',	'',	'published',	NULL,	NULL,	'2012-12-04 14:07:41',	49,	'',	'',	NULL,	NULL,	NULL,	NULL,	NULL),
(334,	'page',	'en',	'Customer Care',	'Customer Care',	'Customer Care',	'Customer Care',	'Customer Care',	'Customer Care',	2,	'',	'',	'published',	NULL,	NULL,	'2012-12-04 14:19:22',	4,	'',	'',	NULL,	NULL,	NULL,	NULL,	NULL),
(335,	'page',	'cs',	'Péče o zákazníky',	'Péče o zákazníky',	'Péče o zákazníky',	'Péče o zákazníky',	'Péče o zákazníky',	'Péče o zákazníky',	2,	'',	'',	'published',	NULL,	NULL,	'2012-12-04 14:19:22',	4,	'',	'',	NULL,	NULL,	NULL,	NULL,	NULL),
(336,	'page',	'cn',	'客户服务',	'Customer Care',	'客户服务',	'客户服务',	'客户服务',	'客户服务',	2,	'',	'',	'published',	NULL,	NULL,	'2012-12-04 14:19:22',	4,	'',	'',	NULL,	NULL,	NULL,	NULL,	NULL),
(337,	'page',	'ru',	'Забота о заказчике',	'Customer Care',	'Забота о заказчике',	'Забота о заказчике',	'Забота о заказчике',	'Забота о заказчике',	2,	'',	'',	'published',	NULL,	NULL,	'2012-12-04 14:19:22',	4,	'',	'',	NULL,	NULL,	NULL,	NULL,	NULL),
(340,	'page',	'en',	'General',	'General',	'General',	'General',	'General',	'General',	2,	'',	'',	'published',	NULL,	NULL,	'2012-12-04 14:43:20',	50,	'',	'',	NULL,	NULL,	NULL,	NULL,	NULL),
(341,	'page',	'en',	'Fast help',	'Fast help',	'Fast help',	'Fast help',	'Fast help',	'Fast help',	2,	'',	'',	'published',	NULL,	NULL,	'2012-12-04 14:48:58',	51,	'',	'',	NULL,	NULL,	NULL,	NULL,	NULL),
(350,	'page',	'en',	'Argentina',	'Argentina',	'Argentina',	'Argentina',	'Argentina',	'Argentina',	2,	'',	'',	'published',	NULL,	NULL,	'2012-12-04 20:18:32',	54,	'',	'',	NULL,	NULL,	NULL,	NULL,	NULL),
(351,	'page',	'en',	'Austria',	'Austria',	'Austria',	'Austria',	'Austria',	'Austria',	2,	'',	'',	'published',	NULL,	NULL,	'2012-12-04 20:18:58',	55,	'',	'',	NULL,	NULL,	NULL,	NULL,	NULL),
(357,	'page',	'en',	'References',	'References',	'References',	'References',	'References',	'References',	2,	'',	'',	'published',	NULL,	NULL,	'2012-12-05 12:43:37',	6,	'',	'',	NULL,	NULL,	NULL,	NULL,	NULL),
(358,	'page',	'cs',	'Reference',	'Reference',	'Reference',	'Reference',	'Reference',	'Reference',	2,	'',	'',	'published',	NULL,	NULL,	'2012-12-05 12:43:37',	6,	'',	'',	NULL,	NULL,	NULL,	NULL,	NULL),
(359,	'page',	'cn',	'我们的客户',	'References',	'我们的客户',	'我们的客户',	'我们的客户',	'我们的客户',	2,	'',	'',	'published',	NULL,	NULL,	'2012-12-05 12:43:37',	6,	'',	'',	NULL,	NULL,	NULL,	NULL,	NULL),
(360,	'page',	'ru',	'Референции',	'References',	'Референции',	'Референции',	'Референции',	'Референции',	2,	'',	'',	'published',	NULL,	NULL,	'2012-12-05 12:43:37',	6,	'',	'',	NULL,	NULL,	NULL,	NULL,	NULL),
(363,	'page',	'en',	'ARTFLEX, ST. PETERBURG, RUSSIA',	'ARTFLEX, ST. PETERBURG, RUSSIA',	'ARTFLEX, ST. PETERBURG, RUSSIA',	'ARTFLEX, ST. PETERBURG, RUSSIA',	'ARTFLEX, ST. PETERBURG, RUSSIA',	'ARTFLEX, ST. PETERBURG, RUSSIA',	8,	'',	'<p>Soma Engineering has supplied a third flexographic printing press at Artflex enabling the company to reach new levels of quality and service in the CIS flexible packaging market.</p>\r\n<p>The eight colour Midi II press is equipped with Soma&rsquo;s new, automatic wash up system and automatic viscosity controls and the company&rsquo;s precise tension control system that provides precise regulation in individual areas of the web path. The press is designed to handle the largest possible spectrum of materials with a range of tension options from 10 &ndash; 420 N.<br /><br />Our first 8-colour flexographic printing press was a Soma Flex Mini that is now almost seven years old and still works like clock-work,&rdquo; says Michail Vitalijevich Frolov, General Manager. &ldquo;We then installed a second similar machine and this is the basis on which the Soma /Artflex cooperation and our professional growth and association was formed. The decision to purchase the more sophisticated Midi II was based on changing requirements in the flexible packaging market. We considered a number of flexographic printing presses and based on our current and future production situation, the Soma solution proved to be the most advantageous in terms of technology and price to quality ratio. One of the main benefits we are seeing with the Midi II is the transition to a new professional level of flexible packaging production. Artflex is now one the 15 most important players on the market for flexible packaging in Russia and one of the top four in the North-West region. By being able to offer higher quality, we are now also able to supply larger end users.&rdquo;<br /><br />&ldquo;Along with high quality and short delivery times, our customers appreciate our attitude toward them and our interest in their success,&rdquo; says Frolov. Our main competitive advantage is our ability to provide all the complex flexible packaging services such as packaging and equipment supply, setup, upgrades and spare parts etc. This advantage is the result of joint cooperation between Artflex and Russkaja Trapeza who produce equipment for filling and packaging. This means we are specialists in packaging and equipment &lsquo;in one bottle&rsquo; so to speak. This combined operation allows us to offer the best solutions to our customers in both specified packaging equipment and materials while minimising Costs.&rdquo;<br /><br />Artflex was formerly the flexible packaging department of the large Russian holding company, Ruskaya Trapeza, founded in 1998. In 2004 this department reached the size of a flexible packaging company in its own right and started up under the brand name Artflex. In the same year investment was made in the first machine from SOMA, a Soma Flex Mini. In 2010 the company broadened its flexographic printing operation and installed the eight colour, Soma Flex Midi II. The company currently has one hundred employees and in addition to standard surface printing and double and triple laminating it also offers packaging with hologram, print on the foil and PVC products with twist-effect for the confectionary industry. Material consumption is in the region of 1,5 Euro per month with a production of 250-300 tonnes. The company&rsquo;s supplies a main customer base in the CIS countries including Azerbaijan, Armenia, Ukraine, Belarus as well as the United States and Russia.<br /><br />&ldquo;Our company was strongly affected by the sharp increase of commodity prices in 2010,&rdquo; concludes Frolov. &ldquo;The increase of 20% in BOPP material had a serious effect on our profitability so we had to take measures internally to address this issue. In terms of increasing profitability through press design and to increase profitability in the future, we should like to see manufacturers developing technology to increase the automation of print quality control, software to record and control shift history, printing speed, job set-up times and material stocks throughout the printing process. This would greatly assist in standardising raw material consumption and in the reduction of time loss, particularly when running expensive jobs such as laminates and foils. With average print runs at 650-700 kg for MINI, 1500-1700 kg for MIDI II at speeds up to 250m/min. Our operators greatly appreciate the layout of the controls on the Soma presses as well as the fast set-up and job changeovers that enable increased productivity.&rdquo;</p>',	'published',	NULL,	NULL,	'2012-12-05 13:03:42',	56,	'',	'',	NULL,	NULL,	NULL,	NULL,	NULL),
(392,	'page',	'en',	'Flexographic printing presses',	'Flexographic printing presses',	'Flexographic printing presses',	'Flexographic printing presses',	'Flexographic printing presses',	'Flexographic presses',	9,	'<p><span>Designed for printing on paper, films, laminates and foils, our range of Soma Flex mid and wide web central impression presses can be supplied for solvent or water-based inks. All feature the latest developments in gearless flexographic printing press technology and include CNC print deck positioning, sleeve technology, FASTBLADE chambered doctor blades, automatic INKSTORM wash-up and our patented Q-SHIELD thermal stabilisation system.</span></p>',	'',	'published',	NULL,	NULL,	'2012-12-05 14:44:41',	9,	'',	'',	NULL,	NULL,	NULL,	NULL,	NULL),
(393,	'page',	'cs',	'Flexotiskové stroje',	'Flexotiskové stroje',	'Flexotiskové stroje',	'Flexotiskové stroje',	'Flexotiskové stroje',	'Flexotiskové stroje',	9,	'',	'',	'published',	NULL,	NULL,	'2012-12-05 14:44:42',	9,	'',	'',	NULL,	NULL,	NULL,	NULL,	NULL),
(394,	'page',	'cn',	'柔版印刷机',	'Flexographic printing presses',	'柔版印刷机',	'柔版印刷机',	'柔版印刷机',	'柔版印刷机',	9,	'',	'',	'published',	NULL,	NULL,	'2012-12-05 14:44:42',	9,	'',	'',	NULL,	NULL,	NULL,	NULL,	NULL),
(395,	'page',	'ru',	'Флексопечатные машины',	'Flexographic printing presses',	'Флексопечатные машины',	'Флексопечатные машины',	'Флексопечатные машины',	'Флексопечатные машины',	9,	'',	'',	'published',	NULL,	NULL,	'2012-12-05 14:44:42',	9,	'',	'',	NULL,	NULL,	NULL,	NULL,	NULL),
(396,	'page',	'en',	'PREMIA',	'PREMIA',	'PREMIA',	'PREMIA',	'PREMIA',	'PREMIA',	6,	'<p><span>The PREMIA model offers a unique combination of features and technology usually reserved for high performance, top of the range flexographic printing presses. High on our list of priorities was the need to design a machine good enough to meet exacting print standards while reducing energy consumption and costs. The energy efficient PREMIA achieves this and offers a superb mix of high quality engineering and rigid construction coupled with low maintenance</span></p>',	'',	'published',	NULL,	NULL,	'2012-12-05 14:45:50',	16,	'',	'',	NULL,	NULL,	NULL,	NULL,	NULL),
(397,	'page',	'cs',	'PREMIA',	'PREMIA',	'PREMIA',	'PREMIA',	'PREMIA',	'PREMIA',	6,	'',	'',	'published',	NULL,	NULL,	'2012-12-05 14:45:50',	16,	'',	'',	NULL,	NULL,	NULL,	NULL,	NULL),
(398,	'page',	'cn',	'PREMIA',	'PREMIA',	'PREMIA',	'PREMIA',	'PREMIA',	'PREMIA',	6,	'',	'',	'published',	NULL,	NULL,	'2012-12-05 14:45:50',	16,	'',	'',	NULL,	NULL,	NULL,	NULL,	NULL),
(399,	'page',	'ru',	'PREMIA',	'PREMIA',	'PREMIA',	'PREMIA',	'PREMIA',	'PREMIA',	6,	'',	'',	'published',	NULL,	NULL,	'2012-12-05 14:45:50',	16,	'',	'',	NULL,	NULL,	NULL,	NULL,	NULL),
(400,	'page',	'en',	'MIDI II',	'MIDI II',	'MIDI II',	'MIDI II',	'MIDI II',	'MIDI II',	4,	'',	'',	'published',	NULL,	NULL,	'2012-12-05 14:50:02',	17,	'',	'',	NULL,	NULL,	NULL,	NULL,	NULL),
(401,	'page',	'cs',	'MIDI II',	'MIDI II',	'MIDI II',	'MIDI II',	'MIDI II',	'MIDI II',	4,	'',	'',	'published',	NULL,	NULL,	'2012-12-05 14:50:03',	17,	'',	'',	NULL,	NULL,	NULL,	NULL,	NULL),
(402,	'page',	'cn',	'MIDI II',	'MIDI II',	'MIDI II',	'MIDI II',	'MIDI II',	'MIDI II',	4,	'',	'',	'published',	NULL,	NULL,	'2012-12-05 14:50:03',	17,	'',	'',	NULL,	NULL,	NULL,	NULL,	NULL),
(403,	'page',	'ru',	'MIDI II',	'MIDI II',	'MIDI II',	'MIDI II',	'MIDI II',	'MIDI II',	4,	'',	'',	'published',	NULL,	NULL,	'2012-12-05 14:50:03',	17,	'',	'',	NULL,	NULL,	NULL,	NULL,	NULL),
(404,	'page',	'en',	'MIDI',	'MIDI',	'MIDI',	'MIDI',	'MIDI',	'MIDI',	2,	'',	'',	'published',	NULL,	NULL,	'2012-12-05 14:50:45',	18,	'',	'',	NULL,	NULL,	NULL,	NULL,	NULL),
(405,	'page',	'cs',	'MIDI',	'MIDI',	'MIDI',	'MIDI',	'MIDI',	'MIDI',	2,	'',	'',	'published',	NULL,	NULL,	'2012-12-05 14:50:51',	18,	'',	'',	NULL,	NULL,	NULL,	NULL,	NULL),
(406,	'page',	'cn',	'MIDI',	'MIDI',	'MIDI',	'MIDI',	'MIDI',	'MIDI',	2,	'',	'',	'published',	NULL,	NULL,	'2012-12-05 14:50:57',	18,	'',	'',	NULL,	NULL,	NULL,	NULL,	NULL),
(407,	'page',	'ru',	'MIDI',	'MIDI',	'MIDI',	'MIDI',	'MIDI',	'MIDI',	2,	'',	'',	'published',	NULL,	NULL,	'2012-12-05 14:50:57',	18,	'',	'',	NULL,	NULL,	NULL,	NULL,	NULL),
(408,	'page',	'en',	'MINI',	'MINI',	'MINI',	'MINI',	'MINI',	'MINI',	2,	'',	'',	'published',	NULL,	NULL,	'2012-12-05 14:51:39',	19,	'',	'',	NULL,	NULL,	NULL,	NULL,	NULL),
(409,	'page',	'cs',	'MINI',	'MINI',	'MINI',	'MINI',	'MINI',	'MINI',	2,	'',	'',	'published',	NULL,	NULL,	'2012-12-05 14:51:44',	19,	'',	'',	NULL,	NULL,	NULL,	NULL,	NULL),
(410,	'page',	'cn',	'MINI',	'MINI',	'MINI',	'MINI',	'MINI',	'MINI',	2,	'',	'',	'published',	NULL,	NULL,	'2012-12-05 14:51:50',	19,	'',	'',	NULL,	NULL,	NULL,	NULL,	NULL),
(411,	'page',	'ru',	'MINI',	'MINI',	'MINI',	'MINI',	'MINI',	'MINI',	2,	'',	'',	'published',	NULL,	NULL,	'2012-12-05 14:51:53',	19,	'',	'',	NULL,	NULL,	NULL,	NULL,	NULL),
(421,	'page',	'en',	'Owners Credo',	'Owners Credo',	'Owners Credo',	'Owners Credo',	'Owners Credo',	'Owners Credo',	11,	'<p>I believe that the road to success is based on competence, confidence and passion. COMPETENCE - a deep understanding of the customer&rsquo;s business. CONFIDENCE - in yourself and your team. PASSION - to implement ideas that others consider impossible.&nbsp;</p>\r\n<p>Above all, it is &lsquo;face to face&rsquo; relationships that are important for long term success. Fair play and fair business practice is essential.</p>\r\n<p><em>Ladislav Verner</em><br /><em>General Manager</em></p>',	'',	'published',	NULL,	NULL,	'2012-12-05 15:12:59',	28,	'',	'',	NULL,	NULL,	NULL,	NULL,	NULL),
(422,	'page',	'cs',	'Krédo majitele',	'Krédo majitele',	'Krédo majitele',	'Krédo majitele',	'Krédo majitele',	'Krédo majitele',	9,	'<p>Domn&iacute;v&aacute;m se, že k &uacute;spěchu vede jen jedin&aacute; cesta. Cesta, kter&aacute; je založena na kompetentnosti, zdrav&eacute; sebedůvěře a hlavně na siln&eacute;m zaujet&iacute;. KOMPETENTNOST ch&aacute;pu jako detailn&iacute; znalost potřeb z&aacute;kazn&iacute;ka, SEBEDŮVĚROU m&aacute;m na mysli v&iacute;ru v sebe sama a svůj t&yacute;m a ZAUJET&Iacute; jako hnac&iacute; s&iacute;lu k prosazen&iacute; pr&aacute;vě těch n&aacute;padů, kter&eacute; ostatn&iacute; považuj&iacute; za nemožn&eacute;.&nbsp;</p>\r\n<p>To v&scaron;e dohromady opřeno o osobn&iacute; vztah a důvěru vede k dlouhodob&eacute;mu &uacute;spěchu. Fair Play a Fair Business je to, co j&aacute; považuji za podstatn&eacute;.&nbsp;</p>\r\n<p><em>Ladislav Verner</em><br /> <em>majitel</em></p>',	'',	'published',	NULL,	NULL,	'2012-12-05 15:12:59',	28,	'',	'',	NULL,	NULL,	NULL,	NULL,	NULL),
(423,	'page',	'pl',	'Właściciel Credo',	'Właściciel Credo',	'Właściciel Credo',	'Właściciel Credo',	'Właściciel Credo',	'Właściciel Credo',	8,	'',	'',	'published',	NULL,	NULL,	'2012-12-05 15:12:59',	28,	'',	'',	NULL,	NULL,	NULL,	NULL,	NULL),
(424,	'page',	'en',	'Company Values',	'Company Values',	'Company Values',	'Company Values',	'Company Values',	'Company Values',	5,	'',	'',	'published',	NULL,	NULL,	'2012-12-05 15:14:27',	29,	'',	'',	NULL,	NULL,	NULL,	NULL,	NULL),
(425,	'page',	'cs',	'Firemní hodnoty',	'Firemní hodnoty',	'Firemní hodnoty',	'Firemní hodnoty',	'Firemní hodnoty',	'Firemní hodnoty',	1,	'',	'',	'published',	NULL,	NULL,	'2012-12-05 15:14:27',	29,	'',	'',	NULL,	NULL,	NULL,	NULL,	NULL),
(426,	'page',	'en',	'Company History',	'Company History',	'Company History',	'Company History',	'Company History',	'Company History',	6,	'<h2>SOMA is a dynamically developing company with a rich history, a solid production range and a unique know-how resulting in long-term success.</h2>\r\n<p>&nbsp;</p>\r\n<p>Launched in the early nineties, the Soma range of machines for flexible packaging production include flexographic printing presses, slitter rewinders, laminators, coaters, plate mounters, sheeters and die cutters. All products are manufactured and assembled entirely in-house enabling the company to oversee all aspects of production and quality control.</p>\r\n<p>Continuous growth over the past few years has seen the establishment of a new production and administration complex encompassing both research and development. More recently new innovations in product design have resulted in further growth leading to investment in the Soma Globe centre where customers are able to run product and development trials using the latest machines in the Soma range. The company is committed to developing new products with added value and to providing long-term service and maintenance to ensure the longevity of its products.</p>\r\n<p>Participation at key industry exhibitions has been instrumental in building a strong sales and support network of distribution channels throughout the world leading to 90 percent of product going to export. The company&rsquo;s ethos is based on good business practice and high quality products supported by a work force trained to the highest standards in their respective fields.</p>',	'',	'published',	NULL,	NULL,	'2012-12-05 15:16:32',	30,	'',	'',	NULL,	NULL,	NULL,	NULL,	NULL),
(427,	'page',	'cs',	'Historie společnosti',	'Historie společnosti',	'Historie společnosti',	'Historie společnosti',	'Historie společnosti',	'Historie společnosti',	1,	'<h2>Společnost SOMA je dynamicky se rozv&iacute;jej&iacute;c&iacute; firmou s bohatou minulost&iacute;, stabiln&iacute;m v&yacute;robn&iacute;m programem a vlastn&iacute;m know-how, tvoř&iacute;c&iacute;m z&aacute;kladn&iacute; pil&iacute;ře jej&iacute;ho &uacute;spě&scaron;n&eacute;ho a dlouhodob&eacute;ho rozvoje.</h2>\r\n<p>&nbsp;</p>\r\n<p>V&yacute;robn&iacute; program je od poč&aacute;tků devades&aacute;t&yacute;ch let zaměřen na&nbsp; v&yacute;voj a v&yacute;robu vysoce kvalitn&iacute;ch speci&aacute;ln&iacute;ch jedno&uacute;čelov&yacute;ch zař&iacute;zen&iacute;, strojů na zpracov&aacute;n&iacute; a potisk materi&aacute;lu, zejm&eacute;na pak flexotiskov&yacute;ch strojů,&nbsp;<br />pod&eacute;ln&yacute;ch řezaček, mont&aacute;žn&iacute;ch stolic, lamin&aacute;torů, př&iacute;čn&yacute;ch řezaček a vysek&aacute;vac&iacute;ch automatů. Společnost proch&aacute;z&iacute; trvalou expanz&iacute;, byly vybudov&aacute;ny nov&eacute; produkčn&iacute;, administrativn&iacute; a technologick&eacute; budovy.&nbsp;<br />Inovace a modern&iacute; design jsou kl&iacute;čov&yacute;mi faktory &uacute;spěchu firmy. Společnost SOMA se &uacute;častn&iacute; hlavn&iacute;ch veletrhů a vybudovala silnou s&iacute;ť obchodn&iacute;ch z&aacute;stupců ve vět&scaron;ině světov&yacute;ch regionů.&nbsp;<br />Z&aacute;kladn&iacute; předpoklad &uacute;spě&scaron;n&eacute;ho rozvoje firmy spoč&iacute;v&aacute; v dobr&eacute;m obchodn&iacute;m pl&aacute;nu a t&yacute;mov&eacute; spolupr&aacute;ci kvalifikovan&yacute;ch expertů.</p>',	'',	'published',	NULL,	NULL,	'2012-12-05 15:16:32',	30,	'',	'',	NULL,	NULL,	NULL,	NULL,	NULL),
(428,	'page',	'en',	'Soma Globe',	'Soma Globe',	'Soma Globe',	'Soma Globe',	'Soma Globe',	'Soma Globe',	6,	'<p><span>Our target was to build a common meetings place for our experts, suppliers, partners and customers at the highest level. The result is the Soma Globe technology and training centre.</span><br /><br /><span>A combination of R&amp;D facilities with showroom and printing and converting machines, the Soma Globe centre offers unlimited possibilities.</span><br /><br /><span>Soma</span><span>&nbsp;customers will appreciate the new demonstration and training area where they can utilise our printing and converting machines for product testing, operator training, new development trials and where they will gain maximum confidence in the Soma brand and important support for their business.</span></p>',	'',	'published',	NULL,	NULL,	'2012-12-05 15:18:41',	31,	'',	'',	NULL,	NULL,	NULL,	NULL,	NULL),
(429,	'page',	'cs',	'Soma Globe',	'Soma Globe',	'Soma Globe',	'Soma Globe',	'Soma Globe',	'Soma Globe',	1,	'<p><span>Na&scaron;&iacute;m snem bylo vytvořit m&iacute;sto pro společn&aacute; setk&aacute;n&iacute; na&scaron;ich expertů, dodavatelů, partnerů a z&aacute;kazn&iacute;ků na nejvy&scaron;&scaron;&iacute; &uacute;rovni. Podařilo se n&aacute;m vybudovat modern&iacute; technologick&eacute; a &scaron;kolic&iacute; centrum splňuj&iacute;c&iacute; nejpř&iacute;sněj&scaron;&iacute; krit&eacute;ria na odborn&eacute;, vysoce kvalifikovan&eacute; zař&iacute;zen&iacute;.</span><br /><br /><span>D&iacute;ky kombinaci R&amp;D z&aacute;zem&iacute; a showroomu s tiskařsk&yacute;mi a zpracovatelsk&yacute;mi stroji nab&iacute;z&iacute; neomezen&eacute; možnosti pro uspokojen&iacute; potřeb v&scaron;ech, kteř&iacute; do něj se sv&yacute;mi požadavky vstupuj&iacute;.</span><br /><br /><span>Z&aacute;kazn&iacute;ci ocen&iacute; nov&eacute; prezentačn&iacute;, demo a &scaron;kolic&iacute; prostory. Mohou využ&iacute;t kapacity tiskařsk&yacute;ch a zpracovatelsk&yacute;ch strojů pro testov&aacute;n&iacute; vlastn&iacute;ch v&yacute;robků, za&scaron;kolov&aacute;n&iacute; obsluhy i testov&aacute;n&iacute; technologick&yacute;ch novinek. Z&iacute;skaj&iacute; tak maxim&aacute;ln&iacute; důvěru ve značku Soma a poc&iacute;t&iacute; důležitou podporu pro jejich podnik&aacute;n&iacute;.</span></p>',	'',	'published',	NULL,	NULL,	'2012-12-05 15:18:42',	31,	'',	'',	NULL,	NULL,	NULL,	NULL,	NULL),
(430,	'page',	'en',	'Slitter rewinders',	'Slitter rewinders',	'Slitter rewinders',	'Slitter rewinders',	'Slitter rewinders',	'Slitter rewinders',	7,	'<p><span>The SOMA slitter rewinder range is comprised of the PLANET group and is a comprehensive series of modular machines capable of handling a wide range of paper, films, foils and laminates. All are available with the latest technology in slitter rewinder design, depending on customer requirements, including web edge guides, vacuum splicing tables, precise tension control units with AC or pneumatic braking, automatic knife positioning, automatic laser core positioning and intuitive touch screen controls.</span></p>',	'',	'published',	NULL,	NULL,	'2012-12-05 15:21:09',	10,	'',	'',	NULL,	NULL,	NULL,	NULL,	NULL),
(431,	'page',	'cs',	'Podélné řezačky',	'Podélné řezačky',	'Podélné řezačky',	'Podélné řezačky',	'Podélné řezačky',	'Podélné řezačky',	6,	'',	'',	'published',	NULL,	NULL,	'2012-12-05 15:21:09',	10,	'',	'',	NULL,	NULL,	NULL,	NULL,	NULL),
(432,	'page',	'cn',	'分切机',	'Slitter rewinders',	'分切机',	'分切机',	'分切机',	'分切机',	5,	'',	'',	'published',	NULL,	NULL,	'2012-12-05 15:21:09',	10,	'',	'',	NULL,	NULL,	NULL,	NULL,	NULL),
(433,	'page',	'ru',	'Резальные машины',	'Slitter rewinders',	'Резальные машины',	'Резальные машины',	'Резальные машины',	'Резальные машины',	5,	'',	'',	'published',	NULL,	NULL,	'2012-12-05 15:21:09',	10,	'',	'',	NULL,	NULL,	NULL,	NULL,	NULL),
(434,	'page',	'en',	'Laminators',	'Laminators',	'Laminators',	'Laminators',	'Laminators',	'Laminators',	5,	'',	'',	'published',	NULL,	NULL,	'2012-12-05 15:21:46',	11,	'',	'',	NULL,	NULL,	NULL,	NULL,	NULL),
(435,	'page',	'cs',	'Laminátory',	'Laminátory',	'Laminátory',	'Laminátory',	'Laminátory',	'Laminátory',	4,	'',	'',	'published',	NULL,	NULL,	'2012-12-05 15:21:46',	11,	'',	'',	NULL,	NULL,	NULL,	NULL,	NULL),
(436,	'page',	'cn',	'复合机',	'Laminators',	'复合机',	'复合机',	'复合机',	'复合机',	3,	'',	'',	'published',	NULL,	NULL,	'2012-12-05 15:21:46',	11,	'',	'',	NULL,	NULL,	NULL,	NULL,	NULL),
(437,	'page',	'ru',	'Ламинаторы',	'Laminators',	'Ламинаторы',	'Ламинаторы',	'Ламинаторы',	'Ламинаторы',	3,	'',	'',	'published',	NULL,	NULL,	'2012-12-05 15:21:46',	11,	'',	'',	NULL,	NULL,	NULL,	NULL,	NULL),
(438,	'page',	'en',	'Representatives',	'Representatives',	'Representatives',	'Representatives',	'Representatives',	'Representatives',	3,	'',	'<p><span>If you&nbsp;can not find&nbsp;representatives in&nbsp;your country, contact&nbsp;Soma&nbsp;in the Czech Republic.</span></p>',	'published',	NULL,	NULL,	'2012-12-05 15:22:52',	5,	'',	'',	NULL,	NULL,	NULL,	NULL,	NULL),
(439,	'page',	'cs',	'Zastoupení',	'Zastoupení',	'Zastoupení',	'Zastoupení',	'Zastoupení',	'Zastoupení',	3,	'',	'',	'published',	NULL,	NULL,	'2012-12-05 15:22:53',	5,	'',	'',	NULL,	NULL,	NULL,	NULL,	NULL),
(440,	'page',	'cn',	'代理商',	'Representatives',	'代理商',	'代理商',	'代理商',	'代理商',	3,	'',	'',	'published',	NULL,	NULL,	'2012-12-05 15:22:53',	5,	'',	'',	NULL,	NULL,	NULL,	NULL,	NULL),
(441,	'page',	'ru',	'представители',	'Representatives',	'представители',	'представители',	'представители',	'представители',	3,	'',	'',	'published',	NULL,	NULL,	'2012-12-05 15:22:55',	5,	'',	'',	NULL,	NULL,	NULL,	NULL,	NULL),
(442,	'page',	'en',	'Milan Papáček',	'Milan Papáček',	'Milan Papáček',	'Milan Papáček',	'Milan Papáček',	'Milan Papáček',	2,	'',	'',	'published',	NULL,	NULL,	'2012-12-05 15:26:01',	52,	'',	'',	NULL,	NULL,	NULL,	NULL,	NULL),
(443,	'page',	'en',	'Kateřina Pilná',	'Kateřina Pilná',	'Kateřina Pilná',	'Kateřina Pilná',	'Kateřina Pilná',	'Kateřina Pilná',	2,	'',	'',	'published',	NULL,	NULL,	'2012-12-05 15:26:30',	53,	'',	'',	NULL,	NULL,	NULL,	NULL,	NULL),
(444,	'page',	'en',	'Newsletter & Events',	'Newsletter & Events',	'Newsletter & Events',	'Newsletter & Events',	'Newsletter & Events',	'Newsletter & Events',	2,	'',	'',	'published',	NULL,	NULL,	'2012-12-05 15:27:36',	7,	'',	'',	NULL,	NULL,	NULL,	NULL,	NULL),
(445,	'page',	'cs',	'Newslettery a události',	'Newslettery a události',	'Newslettery a události',	'Newslettery a události',	'Newslettery a události',	'Newslettery a události',	2,	'',	'',	'published',	NULL,	NULL,	'2012-12-05 15:27:36',	7,	'',	'',	NULL,	NULL,	NULL,	NULL,	NULL),
(446,	'page',	'cn',	'新闻中心',	'Newsletter & Events',	'新闻中心',	'新闻中心',	'新闻中心',	'新闻中心',	2,	'',	'',	'published',	NULL,	NULL,	'2012-12-05 15:27:36',	7,	'',	'',	NULL,	NULL,	NULL,	NULL,	NULL),
(447,	'page',	'ru',	'Новости и события',	'Newsletter & Events',	'Новости и события',	'Новости и события',	'Новости и события',	'Новости и события',	2,	'',	'',	'published',	NULL,	NULL,	'2012-12-05 15:27:36',	7,	'',	'',	NULL,	NULL,	NULL,	NULL,	NULL),
(449,	'page',	'en',	'News',	'News',	'News',	'News',	'News',	'News',	2,	'',	'',	'published',	NULL,	NULL,	'2012-12-05 17:52:42',	32,	'',	'',	NULL,	NULL,	NULL,	NULL,	NULL),
(450,	'page',	'cs',	'Novinky',	'Novinky',	'Novinky',	'Novinky',	'Novinky',	'Novinky',	2,	'',	'',	'published',	NULL,	NULL,	'2012-12-05 17:52:43',	32,	'',	'',	NULL,	NULL,	NULL,	NULL,	NULL),
(451,	'page',	'cn',	'News',	'News',	'News',	'News',	'News',	'News',	2,	'',	'',	'published',	NULL,	NULL,	'2012-12-05 17:52:43',	32,	'',	'',	NULL,	NULL,	NULL,	NULL,	NULL),
(452,	'page',	'ru',	'News',	'News',	'News',	'News',	'News',	'News',	2,	'',	'',	'published',	NULL,	NULL,	'2012-12-05 17:52:43',	32,	'',	'',	NULL,	NULL,	NULL,	NULL,	NULL),
(453,	'page',	'en',	'Soma at drupa 2012!',	'Soma at drupa 2012!',	'Soma at drupa 2012!',	'Soma at drupa 2012!',	'Soma at drupa 2012!',	'Soma at drupa 2012!',	2,	'<p><span>With the challenging economic climate in mind, SOMA will launch its revolutionary&nbsp;</span><br /><strong>EFFICIENCY &amp; QUALITY (E&amp;Q) workflow concept.</strong></p>',	'<p><span>With the challenging economic climate in mind, SOMA will launch its revolutionary&nbsp;</span><br /><strong>EFFICIENCY &amp; QUALITY (E&amp;Q) workflow concept.<br /></strong><br /><span>This concept proves that claims such as \'shorter make-ready\', \'reduced material waste\' and \'greater production security\' are not a distant dream but a profitable reality. A varied program of presentations at drupa will showcase and demonstrate our latest developments and technology.</span><br /><br /><span>We look forward to seeing you at drupa 2012 -&nbsp;booth 17A39.</span></p>',	'published',	NULL,	NULL,	'2012-12-05 17:56:24',	57,	'',	'',	NULL,	NULL,	NULL,	NULL,	NULL),
(454,	'page',	'en',	'Events',	'Events',	'Events',	'Events',	'Events',	'Events',	1,	'',	'',	'published',	NULL,	NULL,	'2012-12-06 11:25:24',	58,	'',	'',	NULL,	NULL,	NULL,	NULL,	NULL),
(459,	'page',	'en',	'IMPERIA 10 (8 CL)',	'IMPERIA 10 (8 CL)',	'IMPERIA 10 (8 CL)',	'IMPERIA 10 (8 CL)',	'IMPERIA 10 (8 CL)',	'IMPERIA',	9,	'<p><span>Packed full of new design features the high performance IMPERIA model represents the pinnacle of engineering in current standards worldwide for flexographic printing presses. This top of the range machine is a sophisticated mix of user friendly, enhanced efficiency coupled with high speed and production output. Print quality and registration are guaranteed on almost all types of packaging materials including substrates currently being developed to address environmental issues and end user demands.</span></p>',	'',	'published',	NULL,	NULL,	'2012-12-06 16:21:03',	15,	'',	'',	NULL,	NULL,	NULL,	NULL,	NULL),
(460,	'page',	'cs',	'IMPERIA 10 (8 CL)',	'IMPERIA 10 (8 CL)',	'IMPERIA 10 (8 CL)',	'IMPERIA 10 (8 CL)',	'IMPERIA 10 (8 CL)',	'IMPERIA 10 (8 CL)',	9,	'',	'',	'published',	NULL,	NULL,	'2012-12-06 16:21:03',	15,	'',	'',	NULL,	NULL,	NULL,	NULL,	NULL),
(461,	'page',	'cn',	'IMPERIA 10 (8 CL)',	'IMPERIA 10 (8 CL)',	'IMPERIA 10 (8 CL)',	'IMPERIA 10 (8 CL)',	'IMPERIA 10 (8 CL)',	'IMPERIA 10 (8 CL)',	9,	'',	'',	'published',	NULL,	NULL,	'2012-12-06 16:21:04',	15,	'',	'',	NULL,	NULL,	NULL,	NULL,	NULL),
(462,	'page',	'ru',	'IMPERIA 10 (8 CL)',	'IMPERIA 10 (8 CL)',	'IMPERIA 10 (8 CL)',	'IMPERIA 10 (8 CL)',	'IMPERIA 10 (8 CL)',	'IMPERIA 10 (8 CL)',	9,	'',	'',	'published',	NULL,	NULL,	'2012-12-06 16:21:04',	15,	'',	'',	NULL,	NULL,	NULL,	NULL,	NULL);

DROP TABLE IF EXISTS `cms_pages_labels`;
CREATE TABLE `cms_pages_labels` (
  `tree_node_id` int(11) DEFAULT NULL,
  `label_id` int(11) DEFAULT NULL,
  `active` enum('yes','no') DEFAULT 'yes',
  `lang` varchar(4) DEFAULT NULL,
  KEY `fk_cms_pages_labels_1` (`tree_node_id`),
  KEY `fk_cms_pages_labels_2` (`label_id`),
  CONSTRAINT `cms_pages_labels_ibfk_4` FOREIGN KEY (`label_id`) REFERENCES `cms_labels` (`label_id`) ON DELETE CASCADE ON UPDATE CASCADE,
  CONSTRAINT `cms_pages_labels_ibfk_6` FOREIGN KEY (`tree_node_id`) REFERENCES `cms_page_tree` (`tree_node_id`) ON DELETE CASCADE ON UPDATE CASCADE
) ENGINE=InnoDB DEFAULT CHARSET=utf8;

INSERT INTO `cms_pages_labels` (`tree_node_id`, `label_id`, `active`, `lang`) VALUES
(1,	1,	'yes',	'en'),
(1,	1,	'yes',	'cs'),
(1,	1,	'yes',	'cn'),
(1,	1,	'yes',	'ru'),
(2,	3,	'yes',	'en'),
(2,	3,	'yes',	'cs'),
(2,	3,	'yes',	'cn'),
(2,	3,	'yes',	'ru'),
(3,	3,	'yes',	'en'),
(3,	3,	'yes',	'cs'),
(3,	3,	'yes',	'cn'),
(3,	3,	'yes',	'ru'),
(4,	3,	'yes',	'en'),
(4,	3,	'yes',	'cs'),
(4,	3,	'yes',	'cn'),
(4,	3,	'yes',	'ru'),
(5,	3,	'yes',	'en'),
(5,	3,	'yes',	'cs'),
(5,	3,	'yes',	'cn'),
(5,	3,	'yes',	'ru'),
(6,	3,	'yes',	'en'),
(6,	3,	'yes',	'cs'),
(6,	3,	'yes',	'cn'),
(6,	3,	'yes',	'ru'),
(7,	3,	'yes',	'en'),
(7,	3,	'yes',	'cs'),
(7,	3,	'yes',	'cn'),
(7,	3,	'yes',	'ru'),
(8,	3,	'yes',	'en'),
(8,	3,	'yes',	'cs'),
(8,	3,	'yes',	'cn'),
(8,	3,	'yes',	'ru'),
(2,	4,	'yes',	'en'),
(2,	4,	'yes',	'cs'),
(2,	4,	'yes',	'cn'),
(2,	4,	'yes',	'ru'),
(9,	4,	'no',	'en'),
(9,	4,	'no',	'cs'),
(9,	4,	'no',	'cn'),
(9,	4,	'no',	'ru'),
(9,	4,	'no',	'en'),
(9,	4,	'no',	'cs'),
(9,	4,	'no',	'cn'),
(9,	4,	'no',	'ru'),
(9,	4,	'no',	'en'),
(9,	4,	'no',	'cs'),
(9,	4,	'no',	'cn'),
(9,	4,	'no',	'ru'),
(9,	4,	'no',	'en'),
(9,	4,	'no',	'cs'),
(9,	4,	'no',	'cn'),
(9,	4,	'no',	'ru'),
(10,	4,	'no',	'en'),
(10,	4,	'no',	'cs'),
(10,	4,	'no',	'cn'),
(10,	4,	'no',	'ru'),
(11,	4,	'no',	'en'),
(11,	4,	'no',	'cs'),
(11,	4,	'no',	'cn'),
(11,	4,	'no',	'ru'),
(12,	4,	'no',	'en'),
(12,	4,	'no',	'cs'),
(12,	4,	'no',	'cn'),
(12,	4,	'no',	'ru'),
(13,	4,	'no',	'en'),
(13,	4,	'no',	'cs'),
(13,	4,	'no',	'cn'),
(13,	4,	'no',	'ru'),
(14,	4,	'no',	'en'),
(14,	4,	'no',	'cs'),
(14,	4,	'no',	'cn'),
(14,	4,	'no',	'ru'),
(9,	5,	'yes',	'en'),
(9,	5,	'yes',	'cs'),
(9,	5,	'yes',	'cn'),
(9,	5,	'yes',	'ru'),
(10,	5,	'yes',	'en'),
(10,	5,	'yes',	'cs'),
(10,	5,	'yes',	'cn'),
(10,	5,	'yes',	'ru'),
(11,	5,	'yes',	'en'),
(11,	5,	'yes',	'cs'),
(11,	5,	'yes',	'cn'),
(11,	5,	'yes',	'ru'),
(12,	5,	'yes',	'en'),
(12,	5,	'yes',	'cs'),
(12,	5,	'yes',	'cn'),
(12,	5,	'yes',	'ru'),
(13,	5,	'yes',	'en'),
(13,	5,	'yes',	'cs'),
(13,	5,	'yes',	'cn'),
(13,	5,	'yes',	'ru'),
(14,	5,	'yes',	'en'),
(14,	5,	'yes',	'cs'),
(14,	5,	'yes',	'cn'),
(14,	5,	'yes',	'ru'),
(15,	5,	'no',	'en'),
(15,	5,	'no',	'cs'),
(15,	5,	'no',	'cn'),
(15,	5,	'no',	'ru'),
(15,	5,	'no',	'en'),
(15,	5,	'no',	'cs'),
(15,	5,	'no',	'cn'),
(15,	5,	'no',	'ru'),
(15,	5,	'no',	'en'),
(15,	5,	'no',	'cs'),
(15,	5,	'no',	'cn'),
(15,	5,	'no',	'ru'),
(15,	5,	'no',	'en'),
(15,	5,	'no',	'cs'),
(15,	5,	'no',	'cn'),
(15,	5,	'no',	'ru'),
(16,	5,	'no',	'en'),
(16,	5,	'no',	'cs'),
(16,	5,	'no',	'cn'),
(16,	5,	'no',	'ru'),
(16,	5,	'no',	'en'),
(16,	5,	'no',	'cs'),
(16,	5,	'no',	'cn'),
(16,	5,	'no',	'ru'),
(16,	5,	'no',	'en'),
(16,	5,	'no',	'cs'),
(16,	5,	'no',	'cn'),
(16,	5,	'no',	'ru'),
(16,	5,	'no',	'en'),
(16,	5,	'no',	'cs'),
(16,	5,	'no',	'cn'),
(16,	5,	'no',	'ru'),
(17,	5,	'no',	'en'),
(17,	5,	'no',	'cs'),
(17,	5,	'no',	'cn'),
(17,	5,	'no',	'ru'),
(17,	5,	'no',	'en'),
(17,	5,	'no',	'cs'),
(17,	5,	'no',	'cn'),
(17,	5,	'no',	'ru'),
(17,	5,	'no',	'en'),
(17,	5,	'no',	'cs'),
(17,	5,	'no',	'cn'),
(17,	5,	'no',	'ru'),
(17,	5,	'no',	'en'),
(17,	5,	'no',	'cs'),
(17,	5,	'no',	'cn'),
(17,	5,	'no',	'ru'),
(18,	5,	'no',	'en'),
(18,	5,	'no',	'cs'),
(18,	5,	'no',	'cn'),
(18,	5,	'no',	'ru'),
(18,	5,	'no',	'en'),
(18,	5,	'no',	'cs'),
(18,	5,	'no',	'cn'),
(18,	5,	'no',	'ru'),
(18,	5,	'no',	'en'),
(18,	5,	'no',	'cs'),
(18,	5,	'no',	'cn'),
(18,	5,	'no',	'ru'),
(18,	5,	'no',	'en'),
(18,	5,	'no',	'cs'),
(18,	5,	'no',	'cn'),
(18,	5,	'no',	'ru'),
(19,	5,	'no',	'en'),
(19,	5,	'no',	'cs'),
(19,	5,	'no',	'cn'),
(19,	5,	'no',	'ru'),
(19,	5,	'no',	'en'),
(19,	5,	'no',	'cs'),
(19,	5,	'no',	'cn'),
(19,	5,	'no',	'ru'),
(19,	5,	'no',	'en'),
(19,	5,	'no',	'cs'),
(19,	5,	'no',	'cn'),
(19,	5,	'no',	'ru'),
(19,	5,	'no',	'en'),
(19,	5,	'no',	'cs'),
(19,	5,	'no',	'cn'),
(19,	5,	'no',	'ru'),
(20,	5,	'no',	'en'),
(20,	5,	'no',	'cs'),
(20,	5,	'no',	'cn'),
(20,	5,	'no',	'ru'),
(20,	5,	'no',	'en'),
(20,	5,	'no',	'cs'),
(20,	5,	'no',	'cn'),
(20,	5,	'no',	'ru'),
(20,	5,	'no',	'en'),
(20,	5,	'no',	'cs'),
(20,	5,	'no',	'cn'),
(20,	5,	'no',	'ru'),
(20,	5,	'no',	'en'),
(20,	5,	'no',	'cs'),
(20,	5,	'no',	'cn'),
(20,	5,	'no',	'ru'),
(21,	5,	'no',	'en'),
(21,	5,	'no',	'cs'),
(21,	5,	'no',	'cn'),
(21,	5,	'no',	'ru'),
(21,	5,	'no',	'en'),
(21,	5,	'no',	'cs'),
(21,	5,	'no',	'cn'),
(21,	5,	'no',	'ru'),
(21,	5,	'no',	'en'),
(21,	5,	'no',	'cs'),
(21,	5,	'no',	'cn'),
(21,	5,	'no',	'ru'),
(21,	5,	'no',	'en'),
(21,	5,	'no',	'cs'),
(21,	5,	'no',	'cn'),
(21,	5,	'no',	'ru'),
(22,	5,	'no',	'en'),
(22,	5,	'no',	'cs'),
(22,	5,	'no',	'cn'),
(22,	5,	'no',	'ru'),
(22,	5,	'no',	'en'),
(22,	5,	'no',	'cs'),
(22,	5,	'no',	'cn'),
(22,	5,	'no',	'ru'),
(22,	5,	'no',	'en'),
(22,	5,	'no',	'cs'),
(22,	5,	'no',	'cn'),
(22,	5,	'no',	'ru'),
(22,	5,	'no',	'en'),
(22,	5,	'no',	'cs'),
(22,	5,	'no',	'cn'),
(22,	5,	'no',	'ru'),
(23,	5,	'no',	'en'),
(23,	5,	'no',	'cs'),
(23,	5,	'no',	'cn'),
(23,	5,	'no',	'ru'),
(23,	5,	'no',	'en'),
(23,	5,	'no',	'cs'),
(23,	5,	'no',	'cn'),
(23,	5,	'no',	'ru'),
(23,	5,	'no',	'en'),
(23,	5,	'no',	'cs'),
(23,	5,	'no',	'cn'),
(23,	5,	'no',	'ru'),
(23,	5,	'no',	'en'),
(23,	5,	'no',	'cs'),
(23,	5,	'no',	'cn'),
(23,	5,	'no',	'ru'),
(24,	5,	'no',	'en'),
(24,	5,	'no',	'cs'),
(24,	5,	'no',	'cn'),
(24,	5,	'no',	'ru'),
(24,	5,	'no',	'en'),
(24,	5,	'no',	'cs'),
(24,	5,	'no',	'cn'),
(24,	5,	'no',	'ru'),
(24,	5,	'no',	'en'),
(24,	5,	'no',	'cs'),
(24,	5,	'no',	'cn'),
(24,	5,	'no',	'ru'),
(24,	5,	'no',	'en'),
(24,	5,	'no',	'cs'),
(24,	5,	'no',	'cn'),
(24,	5,	'no',	'ru'),
(25,	5,	'no',	'en'),
(25,	5,	'no',	'cs'),
(25,	5,	'no',	'cn'),
(25,	5,	'no',	'ru'),
(25,	5,	'no',	'en'),
(25,	5,	'no',	'cs'),
(25,	5,	'no',	'cn'),
(25,	5,	'no',	'ru'),
(25,	5,	'no',	'en'),
(25,	5,	'no',	'cs'),
(25,	5,	'no',	'cn'),
(25,	5,	'no',	'ru'),
(25,	5,	'no',	'en'),
(25,	5,	'no',	'cs'),
(25,	5,	'no',	'cn'),
(25,	5,	'no',	'ru'),
(26,	5,	'no',	'en'),
(26,	5,	'no',	'cs'),
(26,	5,	'no',	'cn'),
(26,	5,	'no',	'ru'),
(26,	5,	'no',	'en'),
(26,	5,	'no',	'cs'),
(26,	5,	'no',	'cn'),
(26,	5,	'no',	'ru'),
(26,	5,	'no',	'en'),
(26,	5,	'no',	'cs'),
(26,	5,	'no',	'cn'),
(26,	5,	'no',	'ru'),
(26,	5,	'no',	'en'),
(26,	5,	'no',	'cs'),
(26,	5,	'no',	'cn'),
(26,	5,	'no',	'ru'),
(27,	5,	'no',	'en'),
(27,	5,	'no',	'cs'),
(27,	5,	'no',	'cn'),
(27,	5,	'no',	'ru'),
(27,	5,	'no',	'en'),
(27,	5,	'no',	'cs'),
(27,	5,	'no',	'cn'),
(27,	5,	'no',	'ru'),
(27,	5,	'no',	'en'),
(27,	5,	'no',	'cs'),
(27,	5,	'no',	'cn'),
(27,	5,	'no',	'ru'),
(27,	5,	'no',	'en'),
(27,	5,	'no',	'cs'),
(27,	5,	'no',	'cn'),
(27,	5,	'no',	'ru'),
(1,	3,	'yes',	'en'),
(1,	3,	'yes',	'cs'),
(1,	3,	'yes',	'cn'),
(1,	3,	'yes',	'ru'),
(3,	6,	'yes',	'en'),
(3,	6,	'yes',	'cs'),
(3,	6,	'yes',	'cn'),
(3,	6,	'yes',	'ru'),
(28,	6,	'no',	'en'),
(28,	6,	'no',	'cs'),
(28,	6,	'no',	'cn'),
(28,	6,	'no',	'ru'),
(29,	6,	'no',	'en'),
(29,	6,	'no',	'cs'),
(29,	6,	'no',	'cn'),
(29,	6,	'no',	'ru'),
(30,	6,	'no',	'en'),
(30,	6,	'no',	'cs'),
(30,	6,	'no',	'cn'),
(30,	6,	'no',	'ru'),
(31,	6,	'no',	'en'),
(31,	6,	'no',	'cs'),
(31,	6,	'no',	'cn'),
(31,	6,	'no',	'ru'),
(2,	7,	'yes',	'en'),
(2,	7,	'yes',	'cs'),
(2,	7,	'yes',	'cn'),
(2,	7,	'yes',	'ru'),
(9,	7,	'no',	'en'),
(9,	7,	'no',	'cs'),
(9,	7,	'no',	'cn'),
(9,	7,	'no',	'ru'),
(15,	7,	'no',	'en'),
(15,	7,	'no',	'cs'),
(15,	7,	'no',	'cn'),
(15,	7,	'no',	'ru'),
(16,	7,	'no',	'en'),
(16,	7,	'no',	'cs'),
(16,	7,	'no',	'cn'),
(16,	7,	'no',	'ru'),
(17,	7,	'no',	'en'),
(17,	7,	'no',	'cs'),
(17,	7,	'no',	'cn'),
(17,	7,	'no',	'ru'),
(18,	7,	'no',	'en'),
(18,	7,	'no',	'cs'),
(18,	7,	'no',	'cn'),
(18,	7,	'no',	'ru'),
(19,	7,	'no',	'en'),
(19,	7,	'no',	'cs'),
(19,	7,	'no',	'cn'),
(19,	7,	'no',	'ru'),
(10,	7,	'no',	'en'),
(10,	7,	'no',	'cs'),
(10,	7,	'no',	'cn'),
(10,	7,	'no',	'ru'),
(20,	7,	'no',	'en'),
(20,	7,	'no',	'cs'),
(20,	7,	'no',	'cn'),
(20,	7,	'no',	'ru'),
(21,	7,	'no',	'en'),
(21,	7,	'no',	'cs'),
(21,	7,	'no',	'cn'),
(21,	7,	'no',	'ru'),
(22,	7,	'no',	'en'),
(22,	7,	'no',	'cs'),
(22,	7,	'no',	'cn'),
(22,	7,	'no',	'ru'),
(23,	7,	'no',	'en'),
(23,	7,	'no',	'cs'),
(23,	7,	'no',	'cn'),
(23,	7,	'no',	'ru'),
(11,	7,	'no',	'en'),
(11,	7,	'no',	'cs'),
(11,	7,	'no',	'cn'),
(11,	7,	'no',	'ru'),
(24,	7,	'no',	'en'),
(24,	7,	'no',	'cs'),
(24,	7,	'no',	'cn'),
(24,	7,	'no',	'ru'),
(12,	7,	'no',	'en'),
(12,	7,	'no',	'cs'),
(12,	7,	'no',	'cn'),
(12,	7,	'no',	'ru'),
(25,	7,	'no',	'en'),
(25,	7,	'no',	'cs'),
(25,	7,	'no',	'cn'),
(25,	7,	'no',	'ru'),
(13,	7,	'no',	'en'),
(13,	7,	'no',	'cs'),
(13,	7,	'no',	'cn'),
(13,	7,	'no',	'ru'),
(26,	7,	'no',	'en'),
(26,	7,	'no',	'cs'),
(26,	7,	'no',	'cn'),
(26,	7,	'no',	'ru'),
(14,	7,	'no',	'en'),
(14,	7,	'no',	'cs'),
(14,	7,	'no',	'cn'),
(14,	7,	'no',	'ru'),
(27,	7,	'no',	'en'),
(27,	7,	'no',	'cs'),
(27,	7,	'no',	'cn'),
(27,	7,	'no',	'ru'),
(15,	8,	'yes',	'en'),
(15,	8,	'yes',	'cs'),
(15,	8,	'yes',	'cn'),
(15,	8,	'yes',	'ru'),
(16,	8,	'yes',	'en'),
(16,	8,	'yes',	'cs'),
(16,	8,	'yes',	'cn'),
(16,	8,	'yes',	'ru'),
(17,	8,	'yes',	'en'),
(17,	8,	'yes',	'cs'),
(17,	8,	'yes',	'cn'),
(17,	8,	'yes',	'ru'),
(18,	8,	'yes',	'en'),
(18,	8,	'yes',	'cs'),
(18,	8,	'yes',	'cn'),
(18,	8,	'yes',	'ru'),
(19,	8,	'yes',	'en'),
(19,	8,	'yes',	'cs'),
(19,	8,	'yes',	'cn'),
(19,	8,	'yes',	'ru'),
(33,	8,	'no',	'en'),
(33,	8,	'no',	'cs'),
(33,	8,	'no',	'cn'),
(33,	8,	'no',	'ru'),
(34,	8,	'no',	'en'),
(34,	8,	'no',	'cs'),
(34,	8,	'no',	'cn'),
(34,	8,	'no',	'ru'),
(35,	8,	'no',	'en'),
(35,	8,	'no',	'cs'),
(35,	8,	'no',	'cn'),
(35,	8,	'no',	'ru'),
(36,	8,	'no',	'en'),
(36,	8,	'no',	'cs'),
(36,	8,	'no',	'cn'),
(36,	8,	'no',	'ru'),
(20,	8,	'yes',	'en'),
(20,	8,	'yes',	'cs'),
(20,	8,	'yes',	'cn'),
(20,	8,	'yes',	'ru'),
(37,	8,	'no',	'en'),
(37,	8,	'no',	'cs'),
(37,	8,	'no',	'cn'),
(37,	8,	'no',	'ru'),
(38,	8,	'no',	'en'),
(38,	8,	'no',	'cs'),
(38,	8,	'no',	'cn'),
(38,	8,	'no',	'ru'),
(39,	9,	'yes',	'cs'),
(39,	9,	'yes',	'pl'),
(39,	10,	'yes',	'cs'),
(39,	10,	'yes',	'pl'),
(40,	10,	'yes',	'cs'),
(40,	10,	'yes',	'pl'),
(41,	10,	'yes',	'cs'),
(41,	10,	'yes',	'pl'),
(41,	11,	'yes',	'cs'),
(41,	11,	'yes',	'pl'),
(42,	11,	'no',	'cs'),
(42,	11,	'no',	'pl'),
(29,	12,	'yes',	'en'),
(29,	12,	'yes',	'cs'),
(29,	12,	'yes',	'cn'),
(29,	12,	'yes',	'ru'),
(43,	12,	'no',	'en'),
(43,	12,	'no',	'cs'),
(43,	12,	'no',	'cn'),
(43,	12,	'no',	'ru'),
(44,	12,	'no',	'en'),
(44,	12,	'no',	'cs'),
(44,	12,	'no',	'cn'),
(44,	12,	'no',	'ru'),
(45,	12,	'no',	'en'),
(45,	12,	'no',	'cs'),
(45,	12,	'no',	'cn'),
(45,	12,	'no',	'ru'),
(46,	12,	'no',	'en'),
(46,	12,	'no',	'cs'),
(46,	12,	'no',	'cn'),
(46,	12,	'no',	'ru'),
(47,	12,	'no',	'en'),
(47,	12,	'no',	'cs'),
(47,	12,	'no',	'cn'),
(47,	12,	'no',	'ru'),
(30,	13,	'yes',	'en'),
(30,	13,	'yes',	'cs'),
(30,	13,	'yes',	'cn'),
(30,	13,	'yes',	'ru'),
(48,	13,	'no',	'en'),
(48,	13,	'no',	'cs'),
(48,	13,	'no',	'cn'),
(48,	13,	'no',	'ru'),
(49,	13,	'no',	'en'),
(49,	13,	'no',	'cs'),
(49,	13,	'no',	'cn'),
(49,	13,	'no',	'ru'),
(4,	15,	'yes',	'en'),
(4,	15,	'yes',	'cs'),
(4,	15,	'yes',	'cn'),
(4,	15,	'yes',	'ru'),
(50,	15,	'no',	'en'),
(50,	15,	'no',	'cs'),
(50,	15,	'no',	'cn'),
(50,	15,	'no',	'ru'),
(51,	15,	'no',	'en'),
(51,	15,	'no',	'cs'),
(51,	15,	'no',	'cn'),
(51,	15,	'no',	'ru'),
(50,	14,	'yes',	'en'),
(50,	14,	'yes',	'cs'),
(50,	14,	'yes',	'cn'),
(50,	14,	'yes',	'ru'),
(52,	14,	'no',	'en'),
(52,	14,	'no',	'cs'),
(52,	14,	'no',	'cn'),
(52,	14,	'no',	'ru'),
(53,	14,	'no',	'en'),
(53,	14,	'no',	'cs'),
(53,	14,	'no',	'cn'),
(53,	14,	'no',	'ru'),
(5,	16,	'yes',	'en'),
(5,	16,	'yes',	'cs'),
(5,	16,	'yes',	'cn'),
(5,	16,	'yes',	'ru'),
(54,	16,	'no',	'en'),
(54,	16,	'no',	'cs'),
(54,	16,	'no',	'cn'),
(54,	16,	'no',	'ru'),
(55,	16,	'no',	'en'),
(55,	16,	'no',	'cs'),
(55,	16,	'no',	'cn'),
(55,	16,	'no',	'ru'),
(6,	17,	'yes',	'en'),
(6,	17,	'yes',	'cs'),
(6,	17,	'yes',	'cn'),
(6,	17,	'yes',	'ru'),
(56,	17,	'no',	'en'),
(56,	17,	'no',	'cs'),
(56,	17,	'no',	'cn'),
(56,	17,	'no',	'ru'),
(32,	18,	'yes',	'en'),
(32,	18,	'yes',	'cs'),
(32,	18,	'yes',	'cn'),
(32,	18,	'yes',	'ru'),
(57,	18,	'no',	'en'),
(57,	18,	'no',	'cs'),
(57,	18,	'no',	'cn'),
(57,	18,	'no',	'ru'),
(29,	19,	'yes',	'en'),
(29,	19,	'yes',	'cs'),
(29,	19,	'yes',	'cn'),
(29,	19,	'yes',	'ru'),
(32,	20,	'yes',	'en'),
(32,	20,	'yes',	'cs'),
(32,	20,	'yes',	'cn'),
(32,	20,	'yes',	'ru'),
(9,	22,	'yes',	'en'),
(9,	22,	'yes',	'cs'),
(9,	22,	'yes',	'cn'),
(9,	22,	'yes',	'ru'),
(15,	22,	'no',	'en'),
(15,	22,	'no',	'cs'),
(15,	22,	'no',	'cn'),
(15,	22,	'no',	'ru'),
(16,	22,	'no',	'en'),
(16,	22,	'no',	'cs'),
(16,	22,	'no',	'cn'),
(16,	22,	'no',	'ru'),
(17,	22,	'no',	'en'),
(17,	22,	'no',	'cs'),
(17,	22,	'no',	'cn'),
(17,	22,	'no',	'ru'),
(18,	22,	'no',	'en'),
(18,	22,	'no',	'cs'),
(18,	22,	'no',	'cn'),
(18,	22,	'no',	'ru'),
(19,	22,	'no',	'en'),
(19,	22,	'no',	'cs'),
(19,	22,	'no',	'cn'),
(19,	22,	'no',	'ru'),
(10,	22,	'yes',	'en'),
(10,	22,	'yes',	'cs'),
(10,	22,	'yes',	'cn'),
(10,	22,	'yes',	'ru'),
(20,	22,	'no',	'en'),
(20,	22,	'no',	'cs'),
(20,	22,	'no',	'cn'),
(20,	22,	'no',	'ru'),
(21,	22,	'no',	'en'),
(21,	22,	'no',	'cs'),
(21,	22,	'no',	'cn'),
(21,	22,	'no',	'ru'),
(22,	22,	'no',	'en'),
(22,	22,	'no',	'cs'),
(22,	22,	'no',	'cn'),
(22,	22,	'no',	'ru'),
(23,	22,	'no',	'en'),
(23,	22,	'no',	'cs'),
(23,	22,	'no',	'cn'),
(23,	22,	'no',	'ru'),
(14,	22,	'yes',	'en'),
(14,	22,	'yes',	'cs'),
(14,	22,	'yes',	'cn'),
(14,	22,	'yes',	'ru'),
(27,	22,	'no',	'en'),
(27,	22,	'no',	'cs'),
(27,	22,	'no',	'cn'),
(27,	22,	'no',	'ru');

DROP TABLE IF EXISTS `cms_plugins`;
CREATE TABLE `cms_plugins` (
  `plugin_id` int(11) NOT NULL AUTO_INCREMENT,
  `name` varchar(85) DEFAULT NULL,
  `nicename` varchar(85) DEFAULT NULL,
  `status` enum('installed','uninstalled','broken') DEFAULT NULL,
  `mounted` timestamp NULL DEFAULT CURRENT_TIMESTAMP,
  `author` varchar(45) DEFAULT NULL,
  `version` varchar(20) DEFAULT NULL,
  `description` text,
  PRIMARY KEY (`plugin_id`),
  UNIQUE KEY `name_UNIQUE` (`name`)
) ENGINE=InnoDB DEFAULT CHARSET=utf8;

INSERT INTO `cms_plugins` (`plugin_id`, `name`, `nicename`, `status`, `mounted`, `author`, `version`, `description`) VALUES
(1,	'Trainers',	NULL,	'uninstalled',	'2012-11-27 11:18:56',	'Marek Juras',	'0.1',	NULL),
(2,	'CssEditor',	NULL,	'uninstalled',	'2012-11-27 11:18:56',	'Jan Hajek',	'0.1',	NULL),
(3,	'Updater',	NULL,	'uninstalled',	'2012-11-27 11:18:56',	'Jan Hajek',	'0.1',	NULL),
(4,	'NewsPlugin',	NULL,	'uninstalled',	'2012-11-27 11:18:56',	'Jan Hajek',	'0.1',	NULL),
(5,	'League',	NULL,	'uninstalled',	'2012-11-27 11:18:56',	'Marek Juras',	'1.0',	NULL);

DROP TABLE IF EXISTS `cms_roles`;
CREATE TABLE `cms_roles` (
  `role` varchar(20) NOT NULL,
  `acl` text,
  `acl_fingerprint` varchar(255) NOT NULL,
  PRIMARY KEY (`role`)
) ENGINE=InnoDB DEFAULT CHARSET=utf8 COMMENT='Role templates';

INSERT INTO `cms_roles` (`role`, `acl`, `acl_fingerprint`) VALUES
('admin',	NULL,	'');

DROP TABLE IF EXISTS `cms_urls`;
CREATE TABLE `cms_urls` (
  `url_id` int(11) NOT NULL AUTO_INCREMENT,
  `tree_node_id_` int(11) NOT NULL,
  `page_id_` int(11) NOT NULL,
  `lang_` varchar(5) CHARACTER SET utf8 COLLATE utf8_czech_ci NOT NULL,
  `module_` varchar(40) CHARACTER SET utf8 COLLATE utf8_czech_ci NOT NULL,
  `access_through` varchar(40) CHARACTER SET utf8 COLLATE utf8_czech_ci NOT NULL,
  `url` varchar(500) NOT NULL,
  `page_deleted` timestamp NULL DEFAULT NULL,
  `temporary` tinyint(4) DEFAULT '0',
  PRIMARY KEY (`url_id`),
  KEY `k_cms_urls_url` (`url`(255)),
  KEY `lang_` (`lang_`),
  KEY `access_through` (`access_through`)
) ENGINE=InnoDB DEFAULT CHARSET=utf8;

INSERT INTO `cms_urls` (`url_id`, `tree_node_id_`, `page_id_`, `lang_`, `module_`, `access_through`, `url`, `page_deleted`, `temporary`) VALUES
(1,	1,	1,	'en',	'Front/SomaEng',	'Front/SomaEng',	'homepage',	NULL,	0),
(2,	1,	2,	'cs',	'Front/SomaEng',	'Front/SomaEng',	'homepage',	NULL,	0),
(3,	1,	3,	'cn',	'Front/SomaEng',	'Front/SomaEng',	'homepage',	NULL,	0),
(4,	1,	4,	'ru',	'Front/SomaEng',	'Front/SomaEng',	'homepage',	NULL,	0),
(5,	1,	5,	'en',	'Front/SomaEng',	'Front/SomaEng',	'homepage',	NULL,	0),
(6,	1,	6,	'cs',	'Front/SomaEng',	'Front/SomaEng',	'homepage',	NULL,	0),
(7,	1,	7,	'cn',	'Front/SomaEng',	'Front/SomaEng',	'homepage',	NULL,	0),
(8,	1,	8,	'ru',	'Front/SomaEng',	'Front/SomaEng',	'homepage',	NULL,	0),
(9,	2,	9,	'en',	'Front/SomaEng',	'Front/SomaEng',	'products',	NULL,	0),
(10,	2,	10,	'cs',	'Front/SomaEng',	'Front/SomaEng',	'produkty',	NULL,	0),
(11,	2,	11,	'cn',	'Front/SomaEng',	'Front/SomaEng',	'products',	NULL,	0),
(12,	2,	12,	'ru',	'Front/SomaEng',	'Front/SomaEng',	'products',	NULL,	0),
(13,	3,	13,	'en',	'Front/SomaEng',	'Front/SomaEng',	'company-profile',	NULL,	0),
(14,	3,	14,	'cs',	'Front/SomaEng',	'Front/SomaEng',	'profil-spolecnosti',	NULL,	0),
(15,	3,	15,	'cn',	'Front/SomaEng',	'Front/SomaEng',	'company-profile',	NULL,	0),
(16,	3,	16,	'ru',	'Front/SomaEng',	'Front/SomaEng',	'company-profile',	NULL,	0),
(17,	4,	17,	'en',	'Front/SomaEng',	'Front/SomaEng',	'customer-care',	NULL,	0),
(18,	4,	18,	'cs',	'Front/SomaEng',	'Front/SomaEng',	'pece-o-zakazniky',	NULL,	0),
(19,	4,	19,	'cn',	'Front/SomaEng',	'Front/SomaEng',	'customer-care',	NULL,	0),
(20,	4,	20,	'ru',	'Front/SomaEng',	'Front/SomaEng',	'customer-care',	NULL,	0),
(21,	5,	21,	'en',	'Front/SomaEng',	'Front/SomaEng',	'representatives',	NULL,	0),
(22,	5,	22,	'cs',	'Front/SomaEng',	'Front/SomaEng',	'zastoupeni',	NULL,	0),
(23,	5,	23,	'cn',	'Front/SomaEng',	'Front/SomaEng',	'representatives',	NULL,	0),
(24,	5,	24,	'ru',	'Front/SomaEng',	'Front/SomaEng',	'representatives',	NULL,	0),
(25,	6,	25,	'en',	'Front/SomaEng',	'Front/SomaEng',	'references',	NULL,	0),
(26,	6,	26,	'cs',	'Front/SomaEng',	'Front/SomaEng',	'reference',	NULL,	0),
(27,	6,	27,	'cn',	'Front/SomaEng',	'Front/SomaEng',	'references',	NULL,	0),
(28,	6,	28,	'ru',	'Front/SomaEng',	'Front/SomaEng',	'references',	NULL,	0),
(29,	7,	29,	'en',	'Front/SomaEng',	'Front/SomaEng',	'newsletter-events',	NULL,	0),
(30,	7,	30,	'cs',	'Front/SomaEng',	'Front/SomaEng',	'newslettery-a-udalosti',	NULL,	0),
(31,	7,	31,	'cn',	'Front/SomaEng',	'Front/SomaEng',	'newsletter-events',	NULL,	0),
(32,	7,	32,	'ru',	'Front/SomaEng',	'Front/SomaEng',	'newsletter-events',	NULL,	0),
(33,	8,	33,	'en',	'Front/SomaEng',	'Front/SomaEng',	'contact',	NULL,	0),
(34,	8,	34,	'cs',	'Front/SomaEng',	'Front/SomaEng',	'kontakt',	NULL,	0),
(35,	8,	35,	'cn',	'Front/SomaEng',	'Front/SomaEng',	'contact',	NULL,	0),
(36,	8,	36,	'ru',	'Front/SomaEng',	'Front/SomaEng',	'contact',	NULL,	0),
(37,	9,	37,	'en',	'Front/SomaEng',	'Front/SomaEng',	'products/flexographic-printing-presses',	NULL,	0),
(38,	9,	38,	'cs',	'Front/SomaEng',	'Front/SomaEng',	'produkty/flexotiskove-stroje',	NULL,	0),
(39,	9,	39,	'cn',	'Front/SomaEng',	'Front/SomaEng',	'products/flexographic-printing-presses',	NULL,	0),
(40,	9,	40,	'ru',	'Front/SomaEng',	'Front/SomaEng',	'products/flexographic-printing-presses',	NULL,	0),
(41,	10,	41,	'en',	'Front/SomaEng',	'Front/SomaEng',	'products/slitter-rewinders',	NULL,	0),
(42,	11,	42,	'en',	'Front/SomaEng',	'Front/SomaEng',	'products/laminators',	NULL,	0),
(43,	12,	43,	'en',	'Front/SomaEng',	'Front/SomaEng',	'products/plate-mounters',	NULL,	0),
(44,	13,	44,	'en',	'Front/SomaEng',	'Front/SomaEng',	'products/sheeters',	NULL,	0),
(45,	14,	45,	'en',	'Front/SomaEng',	'Front/SomaEng',	'products/die-cutters',	NULL,	0),
(46,	10,	46,	'en',	'Front/SomaEng',	'Front/SomaEng',	'products/slitter-rewinders',	NULL,	0),
(47,	10,	47,	'cs',	'Front/SomaEng',	'Front/SomaEng',	'produkty/podelne-rezacky',	NULL,	0),
(48,	11,	48,	'en',	'Front/SomaEng',	'Front/SomaEng',	'products/laminators',	NULL,	0),
(49,	11,	49,	'cs',	'Front/SomaEng',	'Front/SomaEng',	'produkty/laminatory',	NULL,	0),
(50,	12,	50,	'en',	'Front/SomaEng',	'Front/SomaEng',	'products/plate-mounters',	NULL,	0),
(51,	12,	51,	'cs',	'Front/SomaEng',	'Front/SomaEng',	'produkty/montazky',	NULL,	0),
(52,	13,	52,	'en',	'Front/SomaEng',	'Front/SomaEng',	'products/sheeters',	NULL,	0),
(53,	13,	53,	'cs',	'Front/SomaEng',	'Front/SomaEng',	'produkty/archovacky',	NULL,	0),
(54,	14,	54,	'en',	'Front/SomaEng',	'Front/SomaEng',	'products/die-cutters',	NULL,	0),
(55,	14,	55,	'cs',	'Front/SomaEng',	'Front/SomaEng',	'produkty/vysekavacky',	NULL,	0),
(56,	10,	56,	'en',	'Front/SomaEng',	'Front/SomaEng',	'products/slitter-rewinders',	NULL,	0),
(57,	10,	57,	'cs',	'Front/SomaEng',	'Front/SomaEng',	'produkty/podelne-rezacky',	NULL,	0),
(58,	10,	58,	'cn',	'Front/SomaEng',	'Front/SomaEng',	'products/slitter-rewinders',	NULL,	0),
(59,	10,	59,	'ru',	'Front/SomaEng',	'Front/SomaEng',	'products/slitter-rewinders',	NULL,	0),
(60,	11,	60,	'en',	'Front/SomaEng',	'Front/SomaEng',	'products/laminators',	NULL,	0),
(61,	11,	61,	'cs',	'Front/SomaEng',	'Front/SomaEng',	'produkty/laminatory',	NULL,	0),
(62,	11,	62,	'cn',	'Front/SomaEng',	'Front/SomaEng',	'products/laminators',	NULL,	0),
(63,	11,	63,	'ru',	'Front/SomaEng',	'Front/SomaEng',	'products/laminators',	NULL,	0),
(64,	12,	64,	'en',	'Front/SomaEng',	'Front/SomaEng',	'products/plate-mounters',	NULL,	0),
(65,	12,	65,	'cs',	'Front/SomaEng',	'Front/SomaEng',	'produkty/montazky',	NULL,	0),
(66,	12,	66,	'cn',	'Front/SomaEng',	'Front/SomaEng',	'products/plate-mounters',	NULL,	0),
(67,	12,	67,	'ru',	'Front/SomaEng',	'Front/SomaEng',	'products/plate-mounters',	NULL,	0),
(68,	13,	68,	'en',	'Front/SomaEng',	'Front/SomaEng',	'products/sheeters',	NULL,	0),
(69,	13,	69,	'cs',	'Front/SomaEng',	'Front/SomaEng',	'produkty/archovacky',	NULL,	0),
(70,	13,	70,	'cn',	'Front/SomaEng',	'Front/SomaEng',	'products/sheeters',	NULL,	0),
(71,	13,	71,	'ru',	'Front/SomaEng',	'Front/SomaEng',	'products/sheeters',	NULL,	0),
(72,	14,	72,	'en',	'Front/SomaEng',	'Front/SomaEng',	'products/die-cutters',	NULL,	0),
(73,	14,	73,	'cs',	'Front/SomaEng',	'Front/SomaEng',	'produkty/vysekavacky',	NULL,	0),
(74,	14,	74,	'cn',	'Front/SomaEng',	'Front/SomaEng',	'products/die-cutters',	NULL,	0),
(75,	14,	75,	'ru',	'Front/SomaEng',	'Front/SomaEng',	'products/die-cutters',	NULL,	0),
(76,	15,	76,	'en',	'Front/SomaEng',	'Front/SomaEng',	'products/flexographic-printing-presses/imperia-10-8-cl',	NULL,	0),
(77,	15,	77,	'cs',	'Front/SomaEng',	'Front/SomaEng',	'produkty/flexotiskove-stroje/imperia-10-8-cl',	NULL,	0),
(78,	15,	78,	'cn',	'Front/SomaEng',	'Front/SomaEng',	'products/flexographic-printing-presses/imperia-10-8-cl',	NULL,	0),
(79,	15,	79,	'ru',	'Front/SomaEng',	'Front/SomaEng',	'products/flexographic-printing-presses/imperia-10-8-cl',	NULL,	0),
(80,	16,	80,	'en',	'Front/SomaEng',	'Front/SomaEng',	'products/flexographic-printing-presses/premia',	NULL,	0),
(81,	16,	81,	'cs',	'Front/SomaEng',	'Front/SomaEng',	'produkty/flexotiskove-stroje/premia',	NULL,	0),
(82,	16,	82,	'cn',	'Front/SomaEng',	'Front/SomaEng',	'products/flexographic-printing-presses/premia',	NULL,	0),
(83,	16,	83,	'ru',	'Front/SomaEng',	'Front/SomaEng',	'products/flexographic-printing-presses/premia',	NULL,	0),
(84,	17,	84,	'en',	'Front/SomaEng',	'Front/SomaEng',	'products/flexographic-printing-presses/midi-ii',	NULL,	0),
(85,	17,	85,	'cs',	'Front/SomaEng',	'Front/SomaEng',	'produkty/flexotiskove-stroje/midi-ii',	NULL,	0),
(86,	17,	86,	'cn',	'Front/SomaEng',	'Front/SomaEng',	'products/flexographic-printing-presses/midi-ii',	NULL,	0),
(87,	17,	87,	'ru',	'Front/SomaEng',	'Front/SomaEng',	'products/flexographic-printing-presses/midi-ii',	NULL,	0),
(88,	18,	88,	'en',	'Front/SomaEng',	'Front/SomaEng',	'products/flexographic-printing-presses/midi',	NULL,	0),
(89,	18,	89,	'cs',	'Front/SomaEng',	'Front/SomaEng',	'produkty/flexotiskove-stroje/midi',	NULL,	0),
(90,	18,	90,	'cn',	'Front/SomaEng',	'Front/SomaEng',	'products/flexographic-printing-presses/midi',	NULL,	0),
(91,	18,	91,	'ru',	'Front/SomaEng',	'Front/SomaEng',	'products/flexographic-printing-presses/midi',	NULL,	0),
(92,	19,	92,	'en',	'Front/SomaEng',	'Front/SomaEng',	'products/flexographic-printing-presses/mini',	NULL,	0),
(93,	19,	93,	'cs',	'Front/SomaEng',	'Front/SomaEng',	'produkty/flexotiskove-stroje/mini',	NULL,	0),
(94,	19,	94,	'cn',	'Front/SomaEng',	'Front/SomaEng',	'products/flexographic-printing-presses/mini',	NULL,	0),
(95,	19,	95,	'ru',	'Front/SomaEng',	'Front/SomaEng',	'products/flexographic-printing-presses/mini',	NULL,	0),
(96,	20,	96,	'en',	'Front/SomaEng',	'Front/SomaEng',	'products/slitter-rewinders/venus-iii',	NULL,	0),
(97,	20,	97,	'cs',	'Front/SomaEng',	'Front/SomaEng',	'produkty/podelne-rezacky/venus-iii',	NULL,	0),
(98,	20,	98,	'cn',	'Front/SomaEng',	'Front/SomaEng',	'products/slitter-rewinders/venus-iii',	NULL,	0),
(99,	20,	99,	'ru',	'Front/SomaEng',	'Front/SomaEng',	'products/slitter-rewinders/venus-iii',	NULL,	0),
(100,	21,	100,	'en',	'Front/SomaEng',	'Front/SomaEng',	'products/slitter-rewinders/venus-ii',	NULL,	0),
(101,	21,	101,	'cs',	'Front/SomaEng',	'Front/SomaEng',	'produkty/podelne-rezacky/venus-ii',	NULL,	0),
(102,	21,	102,	'cn',	'Front/SomaEng',	'Front/SomaEng',	'products/slitter-rewinders/venus-ii',	NULL,	0),
(103,	21,	103,	'ru',	'Front/SomaEng',	'Front/SomaEng',	'products/slitter-rewinders/venus-ii',	NULL,	0),
(104,	22,	104,	'en',	'Front/SomaEng',	'Front/SomaEng',	'products/slitter-rewinders/pluto-iii',	NULL,	0),
(105,	22,	105,	'cs',	'Front/SomaEng',	'Front/SomaEng',	'produkty/podelne-rezacky/pluto-iii',	NULL,	0),
(106,	22,	106,	'cn',	'Front/SomaEng',	'Front/SomaEng',	'products/slitter-rewinders/pluto-iii',	NULL,	0),
(107,	22,	107,	'ru',	'Front/SomaEng',	'Front/SomaEng',	'products/slitter-rewinders/pluto-iii',	NULL,	0),
(108,	23,	108,	'en',	'Front/SomaEng',	'Front/SomaEng',	'products/slitter-rewinders/pluto-eco',	NULL,	0),
(109,	23,	109,	'cs',	'Front/SomaEng',	'Front/SomaEng',	'produkty/podelne-rezacky/pluto-eco',	NULL,	0),
(110,	23,	110,	'cn',	'Front/SomaEng',	'Front/SomaEng',	'products/slitter-rewinders/pluto-eco',	NULL,	0),
(111,	23,	111,	'ru',	'Front/SomaEng',	'Front/SomaEng',	'products/slitter-rewinders/pluto-eco',	NULL,	0),
(112,	24,	112,	'en',	'Front/SomaEng',	'Front/SomaEng',	'products/laminators/lamiflex-e',	NULL,	0),
(113,	24,	113,	'cs',	'Front/SomaEng',	'Front/SomaEng',	'produkty/laminatory/lamiflex-e',	NULL,	0),
(114,	24,	114,	'cn',	'Front/SomaEng',	'Front/SomaEng',	'products/laminators/lamiflex-e',	NULL,	0),
(115,	24,	115,	'ru',	'Front/SomaEng',	'Front/SomaEng',	'products/laminators/lamiflex-e',	NULL,	0),
(116,	25,	116,	'en',	'Front/SomaEng',	'Front/SomaEng',	'products/plate-mounters/flexmont',	NULL,	0),
(117,	25,	117,	'cs',	'Front/SomaEng',	'Front/SomaEng',	'produkty/montazky/flexmont',	NULL,	0),
(118,	25,	118,	'cn',	'Front/SomaEng',	'Front/SomaEng',	'products/plate-mounters/flexmont',	NULL,	0),
(119,	25,	119,	'ru',	'Front/SomaEng',	'Front/SomaEng',	'products/plate-mounters/flexmont',	NULL,	0),
(120,	26,	120,	'en',	'Front/SomaEng',	'Front/SomaEng',	'products/sheeters/somacut',	NULL,	0),
(121,	26,	121,	'cs',	'Front/SomaEng',	'Front/SomaEng',	'produkty/archovacky/somacut',	NULL,	0),
(122,	26,	122,	'cn',	'Front/SomaEng',	'Front/SomaEng',	'products/sheeters/somacut',	NULL,	0),
(123,	26,	123,	'ru',	'Front/SomaEng',	'Front/SomaEng',	'products/sheeters/somacut',	NULL,	0),
(124,	27,	124,	'en',	'Front/SomaEng',	'Front/SomaEng',	'products/die-cutters/bulldog',	NULL,	0),
(125,	27,	125,	'cs',	'Front/SomaEng',	'Front/SomaEng',	'produkty/vysekavacky/bulldog',	NULL,	0),
(126,	27,	126,	'cn',	'Front/SomaEng',	'Front/SomaEng',	'products/die-cutters/bulldog',	NULL,	0),
(127,	27,	127,	'ru',	'Front/SomaEng',	'Front/SomaEng',	'products/die-cutters/bulldog',	NULL,	0),
(128,	28,	128,	'en',	'Front/SomaEng',	'Front/SomaEng',	'company-profile/owners-credo',	NULL,	0),
(129,	29,	129,	'en',	'Front/SomaEng',	'Front/SomaEng',	'company-profile/company-values',	NULL,	0),
(130,	30,	130,	'en',	'Front/SomaEng',	'Front/SomaEng',	'company-profile/company-history',	NULL,	0),
(131,	31,	131,	'en',	'Front/SomaEng',	'Front/SomaEng',	'company-profile/soma-globe',	NULL,	0),
(132,	32,	132,	'en',	'Front/SomaEng',	'Front/SomaEng',	'news',	NULL,	0),
(133,	32,	133,	'cs',	'Front/SomaEng',	'Front/SomaEng',	'novinky',	NULL,	0),
(134,	32,	134,	'cn',	'Front/SomaEng',	'Front/SomaEng',	'news',	NULL,	0),
(135,	32,	135,	'ru',	'Front/SomaEng',	'Front/SomaEng',	'news',	NULL,	0),
(136,	1,	136,	'en',	'Front/SomaEng',	'Front/SomaEng',	'homepage',	NULL,	0),
(137,	1,	137,	'cs',	'Front/SomaEng',	'Front/SomaEng',	'homepage',	NULL,	0),
(138,	1,	138,	'cn',	'Front/SomaEng',	'Front/SomaEng',	'homepage',	NULL,	0),
(139,	1,	139,	'ru',	'Front/SomaEng',	'Front/SomaEng',	'homepage',	NULL,	0),
(140,	3,	140,	'en',	'Front/SomaEng',	'Front/SomaEng',	'company-profile',	NULL,	0),
(141,	3,	141,	'cs',	'Front/SomaEng',	'Front/SomaEng',	'profil-spolecnosti',	NULL,	0),
(142,	3,	142,	'cn',	'Front/SomaEng',	'Front/SomaEng',	'company-profile',	NULL,	0),
(143,	3,	143,	'ru',	'Front/SomaEng',	'Front/SomaEng',	'company-profile',	NULL,	0),
(144,	15,	144,	'en',	'Front/SomaEng',	'Front/SomaEng',	'products/flexographic-printing-presses/imperia-10-8-cl',	NULL,	0),
(145,	15,	145,	'cs',	'Front/SomaEng',	'Front/SomaEng',	'produkty/flexotiskove-stroje/imperia-10-8-cl',	NULL,	0),
(146,	15,	146,	'cn',	'Front/SomaEng',	'Front/SomaEng',	'products/flexographic-printing-presses/imperia-10-8-cl',	NULL,	0),
(147,	15,	147,	'ru',	'Front/SomaEng',	'Front/SomaEng',	'products/flexographic-printing-presses/imperia-10-8-cl',	NULL,	0),
(148,	16,	148,	'en',	'Front/SomaEng',	'Front/SomaEng',	'products/flexographic-printing-presses/premia',	NULL,	0),
(149,	16,	149,	'cs',	'Front/SomaEng',	'Front/SomaEng',	'produkty/flexotiskove-stroje/premia',	NULL,	0),
(150,	16,	150,	'cn',	'Front/SomaEng',	'Front/SomaEng',	'products/flexographic-printing-presses/premia',	NULL,	0),
(151,	16,	151,	'ru',	'Front/SomaEng',	'Front/SomaEng',	'products/flexographic-printing-presses/premia',	NULL,	0),
(152,	17,	152,	'en',	'Front/SomaEng',	'Front/SomaEng',	'products/flexographic-printing-presses/midi-ii',	NULL,	0),
(153,	17,	153,	'cs',	'Front/SomaEng',	'Front/SomaEng',	'produkty/flexotiskove-stroje/midi-ii',	NULL,	0),
(154,	17,	154,	'cn',	'Front/SomaEng',	'Front/SomaEng',	'products/flexographic-printing-presses/midi-ii',	NULL,	0),
(155,	17,	155,	'ru',	'Front/SomaEng',	'Front/SomaEng',	'products/flexographic-printing-presses/midi-ii',	NULL,	0),
(156,	1,	156,	'en',	'Front/SomaEng',	'Front/SomaEng',	'homepage',	NULL,	0),
(157,	1,	157,	'cs',	'Front/SomaEng',	'Front/SomaEng',	'homepage',	NULL,	0),
(158,	1,	158,	'cn',	'Front/SomaEng',	'Front/SomaEng',	'homepage',	NULL,	0),
(159,	1,	159,	'ru',	'Front/SomaEng',	'Front/SomaEng',	'homepage',	NULL,	0),
(160,	1,	160,	'en',	'Front/SomaEng',	'Front/SomaEng',	'homepage',	NULL,	1),
(161,	1,	161,	'cs',	'Front/SomaEng',	'Front/SomaEng',	'homepage',	NULL,	1),
(162,	1,	162,	'cn',	'Front/SomaEng',	'Front/SomaEng',	'homepage',	NULL,	1),
(163,	1,	163,	'ru',	'Front/SomaEng',	'Front/SomaEng',	'homepage',	NULL,	1),
(164,	1,	164,	'en',	'Front/SomaEng',	'Front/SomaEng',	'homepage',	NULL,	0),
(165,	1,	165,	'cs',	'Front/SomaEng',	'Front/SomaEng',	'homepage',	NULL,	0),
(166,	1,	166,	'cn',	'Front/SomaEng',	'Front/SomaEng',	'homepage',	NULL,	0),
(167,	1,	167,	'ru',	'Front/SomaEng',	'Front/SomaEng',	'homepage',	NULL,	0),
(168,	9,	168,	'en',	'Front/SomaEng',	'Front/SomaEng',	'products/flexographic-printing-presses',	NULL,	0),
(169,	9,	169,	'cs',	'Front/SomaEng',	'Front/SomaEng',	'produkty/flexotiskove-stroje',	NULL,	0),
(170,	9,	170,	'cn',	'Front/SomaEng',	'Front/SomaEng',	'products/flexographic-printing-presses',	NULL,	0),
(171,	9,	171,	'ru',	'Front/SomaEng',	'Front/SomaEng',	'products/flexographic-printing-presses',	NULL,	0),
(172,	9,	172,	'en',	'Front/SomaEng',	'Front/SomaEng',	'products/flexographic-printing-presses',	NULL,	0),
(173,	9,	173,	'cs',	'Front/SomaEng',	'Front/SomaEng',	'produkty/flexotiskove-stroje',	NULL,	0),
(174,	9,	174,	'cn',	'Front/SomaEng',	'Front/SomaEng',	'products/flexographic-printing-presses',	NULL,	0),
(175,	9,	175,	'ru',	'Front/SomaEng',	'Front/SomaEng',	'products/flexographic-printing-presses',	NULL,	0),
(176,	10,	176,	'en',	'Front/SomaEng',	'Front/SomaEng',	'products/slitter-rewinders',	NULL,	0),
(177,	10,	177,	'cs',	'Front/SomaEng',	'Front/SomaEng',	'produkty/podelne-rezacky',	NULL,	0),
(178,	10,	178,	'cn',	'Front/SomaEng',	'Front/SomaEng',	'products/slitter-rewinders',	NULL,	0),
(179,	10,	179,	'ru',	'Front/SomaEng',	'Front/SomaEng',	'products/slitter-rewinders',	NULL,	0),
(180,	11,	180,	'en',	'Front/SomaEng',	'Front/SomaEng',	'products/laminators',	NULL,	0),
(181,	11,	181,	'cs',	'Front/SomaEng',	'Front/SomaEng',	'produkty/laminatory',	NULL,	0),
(182,	11,	182,	'cn',	'Front/SomaEng',	'Front/SomaEng',	'products/laminators',	NULL,	0),
(183,	11,	183,	'ru',	'Front/SomaEng',	'Front/SomaEng',	'products/laminators',	NULL,	0),
(184,	1,	184,	'en',	'Front/SomaEng',	'Front/SomaEng',	'homepage',	NULL,	0),
(185,	1,	185,	'cs',	'Front/SomaEng',	'Front/SomaEng',	'homepage',	NULL,	0),
(186,	1,	186,	'cn',	'Front/SomaEng',	'Front/SomaEng',	'homepage',	NULL,	0),
(187,	1,	187,	'ru',	'Front/SomaEng',	'Front/SomaEng',	'homepage',	NULL,	0),
(188,	1,	188,	'en',	'Front/SomaEng',	'Front/SomaEng',	'homepage',	NULL,	0),
(189,	1,	189,	'cs',	'Front/SomaEng',	'Front/SomaEng',	'homepage',	NULL,	0),
(190,	1,	190,	'cn',	'Front/SomaEng',	'Front/SomaEng',	'homepage',	NULL,	0),
(191,	1,	191,	'ru',	'Front/SomaEng',	'Front/SomaEng',	'homepage',	NULL,	0),
(192,	1,	192,	'en',	'Front/SomaEng',	'Front/SomaEng',	'homepage',	NULL,	0),
(193,	1,	193,	'cs',	'Front/SomaEng',	'Front/SomaEng',	'homepage',	NULL,	0),
(194,	1,	194,	'cn',	'Front/SomaEng',	'Front/SomaEng',	'homepage',	NULL,	0),
(195,	1,	195,	'ru',	'Front/SomaEng',	'Front/SomaEng',	'homepage',	NULL,	0),
(196,	2,	196,	'en',	'Front/SomaEng',	'Front/SomaEng',	'products',	NULL,	0),
(197,	2,	197,	'cs',	'Front/SomaEng',	'Front/SomaEng',	'produkty',	NULL,	0),
(198,	2,	198,	'cn',	'Front/SomaEng',	'Front/SomaEng',	'products',	NULL,	0),
(199,	2,	199,	'ru',	'Front/SomaEng',	'Front/SomaEng',	'products',	NULL,	0),
(200,	9,	200,	'en',	'Front/SomaEng',	'Front/SomaEng',	'products/flexographic-printing-presses',	NULL,	0),
(201,	9,	201,	'cs',	'Front/SomaEng',	'Front/SomaEng',	'produkty/flexotiskove-stroje',	NULL,	0),
(202,	9,	202,	'cn',	'Front/SomaEng',	'Front/SomaEng',	'products/flexographic-printing-presses',	NULL,	0),
(203,	9,	203,	'ru',	'Front/SomaEng',	'Front/SomaEng',	'products/flexographic-printing-presses',	NULL,	0),
(204,	10,	204,	'en',	'Front/SomaEng',	'Front/SomaEng',	'products/slitter-rewinders',	NULL,	0),
(205,	10,	205,	'cs',	'Front/SomaEng',	'Front/SomaEng',	'produkty/podelne-rezacky',	NULL,	0),
(206,	10,	206,	'cn',	'Front/SomaEng',	'Front/SomaEng',	'products/slitter-rewinders',	NULL,	0),
(207,	10,	207,	'ru',	'Front/SomaEng',	'Front/SomaEng',	'products/slitter-rewinders',	NULL,	0),
(208,	9,	208,	'en',	'Front/SomaEng',	'Front/SomaEng',	'products/flexographic-printing-presses',	NULL,	0),
(209,	9,	209,	'cs',	'Front/SomaEng',	'Front/SomaEng',	'produkty/flexotiskove-stroje',	NULL,	0),
(210,	9,	210,	'cn',	'Front/SomaEng',	'Front/SomaEng',	'products/flexographic-printing-presses',	NULL,	0),
(211,	9,	211,	'ru',	'Front/SomaEng',	'Front/SomaEng',	'products/flexographic-printing-presses',	NULL,	0),
(212,	10,	212,	'en',	'Front/SomaEng',	'Front/SomaEng',	'products/slitter-rewinders',	NULL,	0),
(213,	10,	213,	'cs',	'Front/SomaEng',	'Front/SomaEng',	'produkty/podelne-rezacky',	NULL,	0),
(214,	10,	214,	'cn',	'Front/SomaEng',	'Front/SomaEng',	'products/slitter-rewinders',	NULL,	0),
(215,	10,	215,	'ru',	'Front/SomaEng',	'Front/SomaEng',	'products/slitter-rewinders',	NULL,	0),
(216,	15,	216,	'en',	'Front/SomaEng',	'Front/SomaEng',	'products/flexographic-printing-presses/imperia-10-8-cl',	NULL,	0),
(217,	15,	217,	'cs',	'Front/SomaEng',	'Front/SomaEng',	'produkty/flexotiskove-stroje/imperia-10-8-cl',	NULL,	0),
(218,	15,	218,	'cn',	'Front/SomaEng',	'Front/SomaEng',	'products/flexographic-printing-presses/imperia-10-8-cl',	NULL,	0),
(219,	15,	219,	'ru',	'Front/SomaEng',	'Front/SomaEng',	'products/flexographic-printing-presses/imperia-10-8-cl',	NULL,	0),
(220,	16,	220,	'en',	'Front/SomaEng',	'Front/SomaEng',	'products/flexographic-printing-presses/premia',	NULL,	0),
(221,	16,	221,	'cs',	'Front/SomaEng',	'Front/SomaEng',	'produkty/flexotiskove-stroje/premia',	NULL,	0),
(222,	16,	222,	'cn',	'Front/SomaEng',	'Front/SomaEng',	'products/flexographic-printing-presses/premia',	NULL,	0),
(223,	16,	223,	'ru',	'Front/SomaEng',	'Front/SomaEng',	'products/flexographic-printing-presses/premia',	NULL,	0),
(224,	33,	224,	'en',	'Front/SomaEng',	'Front/SomaEng',	'products/flexographic-printing-presses/imperia-10-8-cl/customer-benefits',	NULL,	0),
(225,	34,	225,	'en',	'Front/SomaEng',	'Front/SomaEng',	'products/flexographic-printing-presses/imperia-10-8-cl/overview',	NULL,	0),
(226,	35,	226,	'en',	'Front/SomaEng',	'Front/SomaEng',	'products/flexographic-printing-presses/imperia-10-8-cl/references',	NULL,	0),
(227,	36,	227,	'en',	'Front/SomaEng',	'Front/SomaEng',	'products/flexographic-printing-presses/imperia-10-8-cl/download-section',	NULL,	0),
(228,	15,	228,	'en',	'Front/SomaEng',	'Front/SomaEng',	'products/flexographic-printing-presses/imperia-10-8-cl',	NULL,	0),
(229,	15,	229,	'cs',	'Front/SomaEng',	'Front/SomaEng',	'produkty/flexotiskove-stroje/imperia-10-8-cl',	NULL,	0),
(230,	15,	230,	'cn',	'Front/SomaEng',	'Front/SomaEng',	'products/flexographic-printing-presses/imperia-10-8-cl',	NULL,	0),
(231,	15,	231,	'ru',	'Front/SomaEng',	'Front/SomaEng',	'products/flexographic-printing-presses/imperia-10-8-cl',	NULL,	0),
(232,	15,	232,	'en',	'Front/SomaEng',	'Front/SomaEng',	'products/flexographic-printing-presses/imperia-10-8-cl',	NULL,	0),
(233,	15,	233,	'cs',	'Front/SomaEng',	'Front/SomaEng',	'produkty/flexotiskove-stroje/imperia-10-8-cl',	NULL,	0),
(234,	15,	234,	'cn',	'Front/SomaEng',	'Front/SomaEng',	'products/flexographic-printing-presses/imperia-10-8-cl',	NULL,	0),
(235,	15,	235,	'ru',	'Front/SomaEng',	'Front/SomaEng',	'products/flexographic-printing-presses/imperia-10-8-cl',	NULL,	0),
(236,	33,	236,	'en',	'Front/SomaEng',	'Front/SomaEng',	'products/flexographic-printing-presses/imperia-10-8-cl/customer-benefits',	NULL,	0),
(237,	33,	237,	'en',	'Front/SomaEng',	'Front/SomaEng',	'products/flexographic-printing-presses/imperia-10-8-cl/customer-benefits',	NULL,	0),
(238,	34,	238,	'en',	'Front/SomaEng',	'Front/SomaEng',	'products/flexographic-printing-presses/imperia-10-8-cl/overview',	NULL,	0),
(239,	35,	239,	'en',	'Front/SomaEng',	'Front/SomaEng',	'products/flexographic-printing-presses/imperia-10-8-cl/references',	NULL,	1),
(240,	36,	240,	'en',	'Front/SomaEng',	'Front/SomaEng',	'products/flexographic-printing-presses/imperia-10-8-cl/download-section',	NULL,	0),
(241,	36,	241,	'en',	'Front/SomaEng',	'Front/SomaEng',	'products/flexographic-printing-presses/imperia-10-8-cl/download-section',	NULL,	0),
(242,	34,	242,	'en',	'Front/SomaEng',	'Front/SomaEng',	'products/flexographic-printing-presses/imperia-10-8-cl/overview',	NULL,	0),
(243,	35,	243,	'en',	'Front/SomaEng',	'Front/SomaEng',	'products/flexographic-printing-presses/imperia-10-8-cl/references',	NULL,	0),
(244,	36,	244,	'en',	'Front/SomaEng',	'Front/SomaEng',	'products/flexographic-printing-presses/imperia-10-8-cl/download-section',	NULL,	0),
(245,	36,	245,	'en',	'Front/SomaEng',	'Front/SomaEng',	'products/flexographic-printing-presses/imperia-10-8-cl/download-section',	NULL,	0),
(246,	1,	246,	'en',	'Front/SomaEng',	'Front/SomaEng',	'homepage',	NULL,	0),
(247,	1,	247,	'cs',	'Front/SomaEng',	'Front/SomaEng',	'homepage',	NULL,	0),
(248,	1,	248,	'cn',	'Front/SomaEng',	'Front/SomaEng',	'homepage',	NULL,	0),
(249,	1,	249,	'ru',	'Front/SomaEng',	'Front/SomaEng',	'homepage',	NULL,	0),
(250,	1,	250,	'en',	'Front/SomaEng',	'Front/SomaEng',	'homepage',	NULL,	0),
(251,	1,	251,	'cs',	'Front/SomaEng',	'Front/SomaEng',	'homepage',	NULL,	0),
(252,	1,	252,	'cn',	'Front/SomaEng',	'Front/SomaEng',	'homepage',	NULL,	0),
(253,	1,	253,	'ru',	'Front/SomaEng',	'Front/SomaEng',	'homepage',	NULL,	0),
(254,	33,	254,	'en',	'Front/SomaEng',	'Front/SomaEng',	'products/flexographic-printing-presses/imperia-10-8-cl/customer-benefits',	NULL,	0),
(255,	1,	255,	'en',	'Front/SomaEng',	'Front/SomaEng',	'homepage',	NULL,	0),
(256,	1,	256,	'cs',	'Front/SomaEng',	'Front/SomaEng',	'homepage',	NULL,	0),
(257,	1,	257,	'cn',	'Front/SomaEng',	'Front/SomaEng',	'homepage',	NULL,	0),
(258,	1,	258,	'ru',	'Front/SomaEng',	'Front/SomaEng',	'homepage',	NULL,	0),
(259,	34,	259,	'en',	'Front/SomaEng',	'Front/SomaEng',	'products/flexographic-printing-presses/imperia-10-8-cl/overview',	NULL,	0),
(260,	35,	260,	'en',	'Front/SomaEng',	'Front/SomaEng',	'products/flexographic-printing-presses/imperia-10-8-cl/references',	NULL,	0),
(261,	36,	261,	'en',	'Front/SomaEng',	'Front/SomaEng',	'products/flexographic-printing-presses/imperia-10-8-cl/download-section',	NULL,	0),
(262,	20,	262,	'en',	'Front/SomaEng',	'Front/SomaEng',	'products/slitter-rewinders/venus-iii',	NULL,	0),
(263,	20,	263,	'cs',	'Front/SomaEng',	'Front/SomaEng',	'produkty/podelne-rezacky/venus-iii',	NULL,	0),
(264,	20,	264,	'cn',	'Front/SomaEng',	'Front/SomaEng',	'products/slitter-rewinders/venus-iii',	NULL,	0),
(265,	20,	265,	'ru',	'Front/SomaEng',	'Front/SomaEng',	'products/slitter-rewinders/venus-iii',	NULL,	0),
(266,	37,	266,	'en',	'Front/SomaEng',	'Front/SomaEng',	'products/flexographic-printing-presses/premia/customer-benefits',	NULL,	0),
(267,	16,	267,	'en',	'Front/SomaEng',	'Front/SomaEng',	'products/flexographic-printing-presses/premia',	NULL,	0),
(268,	16,	268,	'cs',	'Front/SomaEng',	'Front/SomaEng',	'produkty/flexotiskove-stroje/premia',	NULL,	0),
(269,	16,	269,	'cn',	'Front/SomaEng',	'Front/SomaEng',	'products/flexographic-printing-presses/premia',	NULL,	0),
(270,	16,	270,	'ru',	'Front/SomaEng',	'Front/SomaEng',	'products/flexographic-printing-presses/premia',	NULL,	0),
(271,	38,	271,	'en',	'Front/SomaEng',	'Front/SomaEng',	'products/flexographic-printing-presses/premia/overview',	NULL,	0),
(272,	3,	272,	'en',	'Front/SomaEng',	'Front/SomaEng',	'company-profile',	NULL,	0),
(273,	3,	273,	'cs',	'Front/SomaEng',	'Front/SomaEng',	'profil-spolecnosti',	NULL,	0),
(274,	3,	274,	'cn',	'Front/SomaEng',	'Front/SomaEng',	'company-profile',	NULL,	0),
(275,	3,	275,	'ru',	'Front/SomaEng',	'Front/SomaEng',	'company-profile',	NULL,	0),
(276,	28,	276,	'en',	'Front/SomaEng',	'Front/SomaEng',	'company-profile/owners-credo',	NULL,	0),
(277,	29,	277,	'en',	'Front/SomaEng',	'Front/SomaEng',	'company-profile/company-values',	NULL,	0),
(278,	30,	278,	'en',	'Front/SomaEng',	'Front/SomaEng',	'company-profile/company-history',	NULL,	0),
(279,	31,	279,	'en',	'Front/SomaEng',	'Front/SomaEng',	'company-profile/soma-globe',	NULL,	0),
(280,	39,	280,	'cs',	'Front/SomaPel',	'Front/SomaPel',	'uvod',	NULL,	0),
(281,	39,	281,	'pl',	'Front/SomaPel',	'Front/SomaPel',	'wprowadzenie',	NULL,	0),
(282,	40,	282,	'cs',	'Front/SomaPel',	'Front/SomaPel',	'produkty',	NULL,	0),
(283,	40,	283,	'pl',	'Front/SomaPel',	'Front/SomaPel',	'produkty',	NULL,	0),
(284,	3,	284,	'en',	'Front/SomaEng',	'Front/SomaEng',	'company-profile',	NULL,	0),
(285,	3,	285,	'cs',	'Front/SomaEng',	'Front/SomaEng',	'profil-spolecnosti',	NULL,	0),
(286,	3,	286,	'cn',	'Front/SomaEng',	'Front/SomaEng',	'company-profile',	NULL,	0),
(287,	3,	287,	'ru',	'Front/SomaEng',	'Front/SomaEng',	'company-profile',	NULL,	0),
(288,	3,	288,	'pl',	'Front/SomaEng',	'Front/SomaPel',	'profil-firmy',	NULL,	0),
(289,	28,	289,	'en',	'Front/SomaEng',	'Front/SomaEng',	'company-profile/owners-credo',	NULL,	0),
(290,	28,	290,	'cs',	'Front/SomaEng',	'Front/SomaEng',	'profil-spolecnosti/kredo-majitele',	NULL,	0),
(291,	28,	291,	'en',	'Front/SomaEng',	'Front/SomaEng',	'company-profile/owners-credo',	NULL,	0),
(292,	28,	292,	'cs',	'Front/SomaEng',	'Front/SomaEng',	'profil-spolecnosti/kredo-majitele',	NULL,	0),
(293,	28,	293,	'pl',	'Front/SomaEng',	'Front/SomaPel',	'profil-firmy/wlasciciel-credo',	NULL,	0),
(294,	29,	294,	'en',	'Front/SomaEng',	'Front/SomaEng',	'company-profile/company-values',	NULL,	0),
(295,	43,	295,	'en',	'Front/SomaEng',	'Front/SomaEng',	'company-profile/company-values/tradition',	NULL,	0),
(296,	44,	296,	'en',	'Front/SomaEng',	'Front/SomaEng',	'company-profile/company-values/quality',	NULL,	0),
(297,	45,	297,	'en',	'Front/SomaEng',	'Front/SomaEng',	'company-profile/company-values/service',	NULL,	0),
(298,	46,	298,	'en',	'Front/SomaEng',	'Front/SomaEng',	'company-profile/company-values/high-tech',	NULL,	0),
(299,	47,	299,	'en',	'Front/SomaEng',	'Front/SomaEng',	'company-profile/company-values/sustainablity',	NULL,	0),
(300,	43,	300,	'en',	'Front/SomaEng',	'Front/SomaEng',	'company-profile/company-values/tradition',	NULL,	0),
(301,	44,	301,	'en',	'Front/SomaEng',	'Front/SomaEng',	'company-profile/company-values/quality',	NULL,	0),
(302,	45,	302,	'en',	'Front/SomaEng',	'Front/SomaEng',	'company-profile/company-values/service',	NULL,	0),
(303,	46,	303,	'en',	'Front/SomaEng',	'Front/SomaEng',	'company-profile/company-values/high-tech',	NULL,	0),
(304,	43,	304,	'en',	'Front/SomaEng',	'Front/SomaEng',	'company-profile/company-values/tradition',	NULL,	0),
(305,	44,	305,	'en',	'Front/SomaEng',	'Front/SomaEng',	'company-profile/company-values/quality',	NULL,	0),
(306,	45,	306,	'en',	'Front/SomaEng',	'Front/SomaEng',	'company-profile/company-values/service',	NULL,	0),
(307,	46,	307,	'en',	'Front/SomaEng',	'Front/SomaEng',	'company-profile/company-values/high-tech',	NULL,	0),
(308,	47,	308,	'en',	'Front/SomaEng',	'Front/SomaEng',	'company-profile/company-values/sustainablity',	NULL,	0),
(309,	43,	309,	'en',	'Front/SomaEng',	'Front/SomaEng',	'company-profile/company-values/tradition',	NULL,	0),
(310,	43,	310,	'en',	'Front/SomaEng',	'Front/SomaEng',	'company-profile/company-values/tradition',	NULL,	0),
(311,	44,	311,	'en',	'Front/SomaEng',	'Front/SomaEng',	'company-profile/company-values/quality',	NULL,	0),
(312,	43,	312,	'en',	'Front/SomaEng',	'Front/SomaEng',	'company-profile/company-values/tradition',	NULL,	0),
(313,	44,	313,	'en',	'Front/SomaEng',	'Front/SomaEng',	'company-profile/company-values/quality',	NULL,	0),
(314,	31,	314,	'en',	'Front/SomaEng',	'Front/SomaEng',	'company-profile/soma-globe',	NULL,	0),
(315,	31,	315,	'en',	'Front/SomaEng',	'Front/SomaEng',	'company-profile/soma-globe',	NULL,	0),
(316,	30,	316,	'en',	'Front/SomaEng',	'Front/SomaEng',	'company-profile/company-history',	NULL,	0),
(317,	30,	317,	'en',	'Front/SomaEng',	'Front/SomaEng',	'company-profile/company-history',	NULL,	0),
(318,	48,	318,	'en',	'Front/SomaEng',	'Front/SomaEng',	'company-profile/company-history/1890-1948',	NULL,	0),
(319,	49,	319,	'en',	'Front/SomaEng',	'Front/SomaEng',	'company-profile/company-history/1956-1992',	NULL,	0),
(320,	48,	320,	'en',	'Front/SomaEng',	'Front/SomaEng',	'company-profile/company-history/1890-1948',	NULL,	0),
(321,	49,	321,	'en',	'Front/SomaEng',	'Front/SomaEng',	'company-profile/company-history/1956-1992',	NULL,	0),
(322,	28,	322,	'en',	'Front/SomaEng',	'Front/SomaEng',	'company-profile/owners-credo',	NULL,	0),
(323,	28,	323,	'cs',	'Front/SomaEng',	'Front/SomaEng',	'profil-spolecnosti/kredo-majitele',	NULL,	0),
(324,	28,	324,	'pl',	'Front/SomaEng',	'Front/SomaPel',	'profil-firmy/wlasciciel-credo',	NULL,	0),
(325,	28,	325,	'en',	'Front/SomaEng',	'Front/SomaEng',	'company-profile/owners-credo',	NULL,	0),
(326,	28,	326,	'cs',	'Front/SomaEng',	'Front/SomaEng',	'profil-spolecnosti/kredo-majitele',	NULL,	0),
(327,	28,	327,	'pl',	'Front/SomaEng',	'Front/SomaPel',	'profil-firmy/wlasciciel-credo',	NULL,	0),
(328,	28,	328,	'en',	'Front/SomaEng',	'Front/SomaEng',	'company-profile/owners-credo',	NULL,	0),
(329,	28,	329,	'cs',	'Front/SomaEng',	'Front/SomaEng',	'profil-spolecnosti/kredo-majitele',	NULL,	0),
(330,	28,	330,	'pl',	'Front/SomaEng',	'Front/SomaPel',	'profil-firmy/wlasciciel-credo',	NULL,	0),
(331,	28,	331,	'en',	'Front/SomaEng',	'Front/SomaEng',	'company-profile/owners-credo',	NULL,	0),
(332,	28,	332,	'cs',	'Front/SomaEng',	'Front/SomaEng',	'profil-spolecnosti/kredo-majitele',	NULL,	0),
(333,	28,	333,	'pl',	'Front/SomaEng',	'Front/SomaPel',	'profil-firmy/wlasciciel-credo',	NULL,	0),
(334,	4,	334,	'en',	'Front/SomaEng',	'Front/SomaEng',	'customer-care',	NULL,	0),
(335,	4,	335,	'cs',	'Front/SomaEng',	'Front/SomaEng',	'pece-o-zakazniky',	NULL,	0),
(336,	4,	336,	'cn',	'Front/SomaEng',	'Front/SomaEng',	'customer-care',	NULL,	0),
(337,	4,	337,	'ru',	'Front/SomaEng',	'Front/SomaEng',	'customer-care',	NULL,	0),
(338,	50,	338,	'en',	'Front/SomaEng',	'Front/SomaEng',	'customer-care/general',	NULL,	0),
(339,	51,	339,	'en',	'Front/SomaEng',	'Front/SomaEng',	'customer-care/fast-help',	NULL,	0),
(340,	50,	340,	'en',	'Front/SomaEng',	'Front/SomaEng',	'customer-care/general',	NULL,	0),
(341,	51,	341,	'en',	'Front/SomaEng',	'Front/SomaEng',	'customer-care/fast-help',	NULL,	0),
(342,	52,	342,	'en',	'Front/SomaEng',	'Front/SomaEng',	'customer-care/general/milan-papacek',	NULL,	0),
(343,	53,	343,	'en',	'Front/SomaEng',	'Front/SomaEng',	'customer-care/general/katerina-pilna',	NULL,	0),
(344,	54,	344,	'en',	'Front/SomaEng',	'Front/SomaEng',	'representatives/argentina',	NULL,	0),
(345,	55,	345,	'en',	'Front/SomaEng',	'Front/SomaEng',	'representatives/austria',	NULL,	0),
(346,	5,	346,	'en',	'Front/SomaEng',	'Front/SomaEng',	'representatives',	NULL,	0),
(347,	5,	347,	'cs',	'Front/SomaEng',	'Front/SomaEng',	'zastoupeni',	NULL,	0),
(348,	5,	348,	'cn',	'Front/SomaEng',	'Front/SomaEng',	'representatives',	NULL,	0),
(349,	5,	349,	'ru',	'Front/SomaEng',	'Front/SomaEng',	'representatives',	NULL,	0),
(350,	54,	350,	'en',	'Front/SomaEng',	'Front/SomaEng',	'representatives/argentina',	NULL,	0),
(351,	55,	351,	'en',	'Front/SomaEng',	'Front/SomaEng',	'representatives/austria',	NULL,	0),
(352,	56,	352,	'en',	'Front/SomaEng',	'Front/SomaEng',	'references/artflex-st-peterburg-russia',	NULL,	0),
(353,	56,	353,	'en',	'Front/SomaEng',	'Front/SomaEng',	'references/artflex-st-peterburg-russia',	NULL,	0),
(354,	56,	354,	'en',	'Front/SomaEng',	'Front/SomaEng',	'references/artflex-st-peterburg-russia',	NULL,	0),
(355,	56,	355,	'en',	'Front/SomaEng',	'Front/SomaEng',	'references/artflex-st-peterburg-russia',	NULL,	0),
(356,	56,	356,	'en',	'Front/SomaEng',	'Front/SomaEng',	'references/artflex-st-peterburg-russia',	NULL,	0),
(357,	6,	357,	'en',	'Front/SomaEng',	'Front/SomaEng',	'references',	NULL,	0),
(358,	6,	358,	'cs',	'Front/SomaEng',	'Front/SomaEng',	'reference',	NULL,	0),
(359,	6,	359,	'cn',	'Front/SomaEng',	'Front/SomaEng',	'references',	NULL,	0),
(360,	6,	360,	'ru',	'Front/SomaEng',	'Front/SomaEng',	'references',	NULL,	0),
(361,	56,	361,	'en',	'Front/SomaEng',	'Front/SomaEng',	'references/artflex-st-peterburg-russia',	NULL,	0),
(362,	56,	362,	'en',	'Front/SomaEng',	'Front/SomaEng',	'references/artflex-st-peterburg-russia',	NULL,	0),
(363,	56,	363,	'en',	'Front/SomaEng',	'Front/SomaEng',	'references/artflex-st-peterburg-russia',	NULL,	0),
(364,	9,	364,	'en',	'Front/SomaEng',	'Front/SomaEng',	'products/flexographic-printing-presses',	NULL,	0),
(365,	9,	365,	'cs',	'Front/SomaEng',	'Front/SomaEng',	'produkty/flexotiskove-stroje',	NULL,	0),
(366,	9,	366,	'cn',	'Front/SomaEng',	'Front/SomaEng',	'products/flexographic-printing-presses',	NULL,	0),
(367,	9,	367,	'ru',	'Front/SomaEng',	'Front/SomaEng',	'products/flexographic-printing-presses',	NULL,	0),
(368,	9,	368,	'en',	'Front/SomaEng',	'Front/SomaEng',	'products/flexographic-printing-presses',	NULL,	0),
(369,	9,	369,	'cs',	'Front/SomaEng',	'Front/SomaEng',	'produkty/flexotiskove-stroje',	NULL,	0),
(370,	9,	370,	'cn',	'Front/SomaEng',	'Front/SomaEng',	'products/flexographic-printing-presses',	NULL,	0),
(371,	9,	371,	'ru',	'Front/SomaEng',	'Front/SomaEng',	'products/flexographic-printing-presses',	NULL,	0),
(372,	15,	372,	'en',	'Front/SomaEng',	'Front/SomaEng',	'products/flexographic-printing-presses/imperia-10-8-cl',	NULL,	0),
(373,	15,	373,	'cs',	'Front/SomaEng',	'Front/SomaEng',	'produkty/flexotiskove-stroje/imperia-10-8-cl',	NULL,	0),
(374,	15,	374,	'cn',	'Front/SomaEng',	'Front/SomaEng',	'products/flexographic-printing-presses/imperia-10-8-cl',	NULL,	0),
(375,	15,	375,	'ru',	'Front/SomaEng',	'Front/SomaEng',	'products/flexographic-printing-presses/imperia-10-8-cl',	NULL,	0),
(376,	16,	376,	'en',	'Front/SomaEng',	'Front/SomaEng',	'products/flexographic-printing-presses/premia',	NULL,	0),
(377,	16,	377,	'cs',	'Front/SomaEng',	'Front/SomaEng',	'produkty/flexotiskove-stroje/premia',	NULL,	0),
(378,	16,	378,	'cn',	'Front/SomaEng',	'Front/SomaEng',	'products/flexographic-printing-presses/premia',	NULL,	0),
(379,	16,	379,	'ru',	'Front/SomaEng',	'Front/SomaEng',	'products/flexographic-printing-presses/premia',	NULL,	0),
(380,	17,	380,	'en',	'Front/SomaEng',	'Front/SomaEng',	'products/flexographic-printing-presses/midi-ii',	NULL,	0),
(381,	17,	381,	'cs',	'Front/SomaEng',	'Front/SomaEng',	'produkty/flexotiskove-stroje/midi-ii',	NULL,	0),
(382,	17,	382,	'cn',	'Front/SomaEng',	'Front/SomaEng',	'products/flexographic-printing-presses/midi-ii',	NULL,	0),
(383,	17,	383,	'ru',	'Front/SomaEng',	'Front/SomaEng',	'products/flexographic-printing-presses/midi-ii',	NULL,	0),
(384,	9,	384,	'en',	'Front/SomaEng',	'Front/SomaEng',	'products/flexographic-printing-presses',	NULL,	0),
(385,	9,	385,	'cs',	'Front/SomaEng',	'Front/SomaEng',	'produkty/flexotiskove-stroje',	NULL,	0),
(386,	9,	386,	'cn',	'Front/SomaEng',	'Front/SomaEng',	'products/flexographic-printing-presses',	NULL,	0),
(387,	9,	387,	'ru',	'Front/SomaEng',	'Front/SomaEng',	'products/flexographic-printing-presses',	NULL,	0),
(388,	15,	388,	'en',	'Front/SomaEng',	'Front/SomaEng',	'products/flexographic-printing-presses/imperia-10-8-cl',	NULL,	0),
(389,	15,	389,	'cs',	'Front/SomaEng',	'Front/SomaEng',	'produkty/flexotiskove-stroje/imperia-10-8-cl',	NULL,	0),
(390,	15,	390,	'cn',	'Front/SomaEng',	'Front/SomaEng',	'products/flexographic-printing-presses/imperia-10-8-cl',	NULL,	0),
(391,	15,	391,	'ru',	'Front/SomaEng',	'Front/SomaEng',	'products/flexographic-printing-presses/imperia-10-8-cl',	NULL,	0),
(392,	9,	392,	'en',	'Front/SomaEng',	'Front/SomaEng',	'products/flexographic-printing-presses',	NULL,	0),
(393,	9,	393,	'cs',	'Front/SomaEng',	'Front/SomaEng',	'produkty/flexotiskove-stroje',	NULL,	0),
(394,	9,	394,	'cn',	'Front/SomaEng',	'Front/SomaEng',	'products/flexographic-printing-presses',	NULL,	0),
(395,	9,	395,	'ru',	'Front/SomaEng',	'Front/SomaEng',	'products/flexographic-printing-presses',	NULL,	0),
(396,	16,	396,	'en',	'Front/SomaEng',	'Front/SomaEng',	'products/flexographic-printing-presses/premia',	NULL,	0),
(397,	16,	397,	'cs',	'Front/SomaEng',	'Front/SomaEng',	'produkty/flexotiskove-stroje/premia',	NULL,	0),
(398,	16,	398,	'cn',	'Front/SomaEng',	'Front/SomaEng',	'products/flexographic-printing-presses/premia',	NULL,	0),
(399,	16,	399,	'ru',	'Front/SomaEng',	'Front/SomaEng',	'products/flexographic-printing-presses/premia',	NULL,	0),
(400,	17,	400,	'en',	'Front/SomaEng',	'Front/SomaEng',	'products/flexographic-printing-presses/midi-ii',	NULL,	0),
(401,	17,	401,	'cs',	'Front/SomaEng',	'Front/SomaEng',	'produkty/flexotiskove-stroje/midi-ii',	NULL,	0),
(402,	17,	402,	'cn',	'Front/SomaEng',	'Front/SomaEng',	'products/flexographic-printing-presses/midi-ii',	NULL,	0),
(403,	17,	403,	'ru',	'Front/SomaEng',	'Front/SomaEng',	'products/flexographic-printing-presses/midi-ii',	NULL,	0),
(404,	18,	404,	'en',	'Front/SomaEng',	'Front/SomaEng',	'products/flexographic-printing-presses/midi',	NULL,	0),
(405,	18,	405,	'cs',	'Front/SomaEng',	'Front/SomaEng',	'produkty/flexotiskove-stroje/midi',	NULL,	0),
(406,	18,	406,	'cn',	'Front/SomaEng',	'Front/SomaEng',	'products/flexographic-printing-presses/midi',	NULL,	0),
(407,	18,	407,	'ru',	'Front/SomaEng',	'Front/SomaEng',	'products/flexographic-printing-presses/midi',	NULL,	0),
(408,	19,	408,	'en',	'Front/SomaEng',	'Front/SomaEng',	'products/flexographic-printing-presses/mini',	NULL,	0),
(409,	19,	409,	'cs',	'Front/SomaEng',	'Front/SomaEng',	'produkty/flexotiskove-stroje/mini',	NULL,	0),
(410,	19,	410,	'cn',	'Front/SomaEng',	'Front/SomaEng',	'products/flexographic-printing-presses/mini',	NULL,	0),
(411,	19,	411,	'ru',	'Front/SomaEng',	'Front/SomaEng',	'products/flexographic-printing-presses/mini',	NULL,	0),
(412,	28,	412,	'en',	'Front/SomaEng',	'Front/SomaEng',	'company-profile/owners-credo',	NULL,	0),
(413,	28,	413,	'cs',	'Front/SomaEng',	'Front/SomaEng',	'profil-spolecnosti/kredo-majitele',	NULL,	0),
(414,	28,	414,	'pl',	'Front/SomaEng',	'Front/SomaPel',	'profil-firmy/wlasciciel-credo',	NULL,	0),
(415,	29,	415,	'en',	'Front/SomaEng',	'Front/SomaEng',	'company-profile/company-values',	NULL,	0),
(416,	30,	416,	'en',	'Front/SomaEng',	'Front/SomaEng',	'company-profile/company-history',	NULL,	0),
(417,	31,	417,	'en',	'Front/SomaEng',	'Front/SomaEng',	'company-profile/soma-globe',	NULL,	0),
(418,	28,	418,	'en',	'Front/SomaEng',	'Front/SomaEng',	'company-profile/owners-credo',	NULL,	0),
(419,	28,	419,	'cs',	'Front/SomaEng',	'Front/SomaEng',	'profil-spolecnosti/kredo-majitele',	NULL,	0),
(420,	28,	420,	'pl',	'Front/SomaEng',	'Front/SomaPel',	'profil-firmy/wlasciciel-credo',	NULL,	0),
(421,	28,	421,	'en',	'Front/SomaEng',	'Front/SomaEng',	'company-profile/owners-credo',	NULL,	0),
(422,	28,	422,	'cs',	'Front/SomaEng',	'Front/SomaEng',	'profil-spolecnosti/kredo-majitele',	NULL,	0),
(423,	28,	423,	'pl',	'Front/SomaEng',	'Front/SomaPel',	'profil-firmy/wlasciciel-credo',	NULL,	0),
(424,	29,	424,	'en',	'Front/SomaEng',	'Front/SomaEng',	'company-profile/company-values',	NULL,	0),
(425,	29,	425,	'cs',	'Front/SomaEng',	'Front/SomaEng',	'profil-spolecnosti/firemni-hodnoty',	NULL,	0),
(426,	30,	426,	'en',	'Front/SomaEng',	'Front/SomaEng',	'company-profile/company-history',	NULL,	0),
(427,	30,	427,	'cs',	'Front/SomaEng',	'Front/SomaEng',	'profil-spolecnosti/historie-spolecnosti',	NULL,	0),
(428,	31,	428,	'en',	'Front/SomaEng',	'Front/SomaEng',	'company-profile/soma-globe',	NULL,	0),
(429,	31,	429,	'cs',	'Front/SomaEng',	'Front/SomaEng',	'profil-spolecnosti/soma-globe',	NULL,	0),
(430,	10,	430,	'en',	'Front/SomaEng',	'Front/SomaEng',	'products/slitter-rewinders',	NULL,	0),
(431,	10,	431,	'cs',	'Front/SomaEng',	'Front/SomaEng',	'produkty/podelne-rezacky',	NULL,	0),
(432,	10,	432,	'cn',	'Front/SomaEng',	'Front/SomaEng',	'products/slitter-rewinders',	NULL,	0),
(433,	10,	433,	'ru',	'Front/SomaEng',	'Front/SomaEng',	'products/slitter-rewinders',	NULL,	0),
(434,	11,	434,	'en',	'Front/SomaEng',	'Front/SomaEng',	'products/laminators',	NULL,	0),
(435,	11,	435,	'cs',	'Front/SomaEng',	'Front/SomaEng',	'produkty/laminatory',	NULL,	0),
(436,	11,	436,	'cn',	'Front/SomaEng',	'Front/SomaEng',	'products/laminators',	NULL,	0),
(437,	11,	437,	'ru',	'Front/SomaEng',	'Front/SomaEng',	'products/laminators',	NULL,	0),
(438,	5,	438,	'en',	'Front/SomaEng',	'Front/SomaEng',	'representatives',	NULL,	0),
(439,	5,	439,	'cs',	'Front/SomaEng',	'Front/SomaEng',	'zastoupeni',	NULL,	0),
(440,	5,	440,	'cn',	'Front/SomaEng',	'Front/SomaEng',	'representatives',	NULL,	0),
(441,	5,	441,	'ru',	'Front/SomaEng',	'Front/SomaEng',	'representatives',	NULL,	0),
(442,	52,	442,	'en',	'Front/SomaEng',	'Front/SomaEng',	'customer-care/general/milan-papacek',	NULL,	0),
(443,	53,	443,	'en',	'Front/SomaEng',	'Front/SomaEng',	'customer-care/general/katerina-pilna',	NULL,	0),
(444,	7,	444,	'en',	'Front/SomaEng',	'Front/SomaEng',	'newsletter-events',	NULL,	0),
(445,	7,	445,	'cs',	'Front/SomaEng',	'Front/SomaEng',	'newslettery-a-udalosti',	NULL,	0),
(446,	7,	446,	'cn',	'Front/SomaEng',	'Front/SomaEng',	'newsletter-events',	NULL,	0),
(447,	7,	447,	'ru',	'Front/SomaEng',	'Front/SomaEng',	'newsletter-events',	NULL,	0),
(448,	57,	448,	'en',	'Front/SomaEng',	'Front/SomaEng',	'news/soma-at-drupa-2012',	NULL,	0),
(449,	32,	449,	'en',	'Front/SomaEng',	'Front/SomaEng',	'news',	NULL,	0),
(450,	32,	450,	'cs',	'Front/SomaEng',	'Front/SomaEng',	'novinky',	NULL,	0),
(451,	32,	451,	'cn',	'Front/SomaEng',	'Front/SomaEng',	'news',	NULL,	0),
(452,	32,	452,	'ru',	'Front/SomaEng',	'Front/SomaEng',	'news',	NULL,	0),
(453,	57,	453,	'en',	'Front/SomaEng',	'Front/SomaEng',	'news/soma-at-drupa-2012',	NULL,	0),
(454,	58,	454,	'en',	'Front/SomaEng',	'Front/SomaEng',	'events',	NULL,	0),
(455,	15,	455,	'en',	'Front/SomaEng',	'Front/SomaEng',	'products/flexographic-printing-presses/imperia-10-8-cl',	NULL,	0),
(456,	15,	456,	'cs',	'Front/SomaEng',	'Front/SomaEng',	'produkty/flexotiskove-stroje/imperia-10-8-cl',	NULL,	0),
(457,	15,	457,	'cn',	'Front/SomaEng',	'Front/SomaEng',	'products/flexographic-printing-presses/imperia-10-8-cl',	NULL,	0),
(458,	15,	458,	'ru',	'Front/SomaEng',	'Front/SomaEng',	'products/flexographic-printing-presses/imperia-10-8-cl',	NULL,	0),
(459,	15,	459,	'en',	'Front/SomaEng',	'Front/SomaEng',	'products/flexographic-printing-presses/imperia-10-8-cl',	NULL,	0),
(460,	15,	460,	'cs',	'Front/SomaEng',	'Front/SomaEng',	'produkty/flexotiskove-stroje/imperia-10-8-cl',	NULL,	0),
(461,	15,	461,	'cn',	'Front/SomaEng',	'Front/SomaEng',	'products/flexographic-printing-presses/imperia-10-8-cl',	NULL,	0),
(462,	15,	462,	'ru',	'Front/SomaEng',	'Front/SomaEng',	'products/flexographic-printing-presses/imperia-10-8-cl',	NULL,	0);

DROP TABLE IF EXISTS `cms_users`;
CREATE TABLE `cms_users` (
  `user_id` int(11) NOT NULL AUTO_INCREMENT,
  `login` varchar(45) DEFAULT NULL,
  `email` varchar(145) DEFAULT NULL,
  `password` varchar(160) DEFAULT NULL,
  `role` varchar(20) DEFAULT NULL,
  `acl` text,
  `acl_fingerprint` varchar(255) NOT NULL,
  PRIMARY KEY (`user_id`)
) ENGINE=InnoDB DEFAULT CHARSET=utf8;

INSERT INTO `cms_users` (`user_id`, `login`, `email`, `password`, `role`, `acl`, `acl_fingerprint`) VALUES
(1,	'admin',	'marek.juras@netstars.cz',	'90cbf40ccd7467507c0f2880d656c3f20cc6348a',	'admin',	NULL,	'asd'),
(2,	'member',	'jurasm2@gmail.com',	'90cbf40ccd7467507c0f2880d656c3f20cc6348a',	'member',	NULL,	'asd');

DROP TABLE IF EXISTS `cms_vd_file_location`;
CREATE TABLE `cms_vd_file_location` (
  `folder_id` int(11) DEFAULT NULL COMMENT '		',
  `file_id` int(11) DEFAULT NULL,
  KEY `fk_cms_vd_file_location_1` (`file_id`),
  KEY `fk_cms_vd_file_location_2` (`folder_id`),
  CONSTRAINT `fk_cms_vd_file_location_1` FOREIGN KEY (`file_id`) REFERENCES `cms`.`cms_vd_files` (`file_id`) ON DELETE CASCADE ON UPDATE SET NULL,
  CONSTRAINT `fk_cms_vd_file_location_2` FOREIGN KEY (`folder_id`) REFERENCES `cms`.`cms_vd_folders` (`folder_id`) ON DELETE CASCADE ON UPDATE SET NULL
) ENGINE=InnoDB DEFAULT CHARSET=utf8 COLLATE=utf8_czech_ci;


DROP TABLE IF EXISTS `cms_vd_files`;
CREATE TABLE `cms_vd_files` (
  `file_id` int(11) NOT NULL AUTO_INCREMENT,
  `folder_id` int(11) DEFAULT NULL,
  `filename` varchar(145) DEFAULT NULL,
  `name` varchar(145) DEFAULT NULL,
  `ext` varchar(6) DEFAULT NULL,
  `image` tinyint(1) NOT NULL DEFAULT '0',
  `status` enum('published','draft') DEFAULT 'draft',
  `filetype` varchar(45) DEFAULT NULL,
  `version` int(11) DEFAULT NULL,
  `size` int(11) DEFAULT NULL,
  `added` timestamp NULL DEFAULT CURRENT_TIMESTAMP,
  `editor_id` int(11) DEFAULT NULL,
  `gallery_id` int(11) NOT NULL DEFAULT '0',
  `sort` int(11) NOT NULL,
  `start_public` timestamp NULL DEFAULT NULL,
  `stop_public` timestamp NULL DEFAULT NULL,
  PRIMARY KEY (`file_id`),
  KEY `index2` (`folder_id`),
  CONSTRAINT `cms_vd_files_ibfk_2` FOREIGN KEY (`folder_id`) REFERENCES `cms_vd_folders` (`folder_id`) ON DELETE CASCADE ON UPDATE CASCADE
) ENGINE=InnoDB DEFAULT CHARSET=utf8;

INSERT INTO `cms_vd_files` (`file_id`, `folder_id`, `filename`, `name`, `ext`, `image`, `status`, `filetype`, `version`, `size`, `added`, `editor_id`, `gallery_id`, `sort`, `start_public`, `stop_public`) VALUES
(1,	1,	'menu-imperia-10-8-cl-1.png',	'menu_imperia-10-8-cl.png',	NULL,	1,	'draft',	'image/png',	NULL,	14365,	'2012-12-05 14:42:33',	0,	0,	0,	NULL,	NULL),
(2,	1,	'menu-midi-2.png',	'menu_midi.png',	NULL,	1,	'draft',	'image/png',	NULL,	13901,	'2012-12-05 14:42:33',	0,	0,	0,	NULL,	NULL),
(3,	1,	'menu-midi-ii-3.png',	'menu_midi-ii.png',	NULL,	1,	'draft',	'image/png',	NULL,	15516,	'2012-12-05 14:42:33',	0,	0,	0,	NULL,	NULL),
(4,	1,	'menu-mini-4.png',	'menu_mini.png',	NULL,	1,	'draft',	'image/png',	NULL,	14406,	'2012-12-05 14:42:33',	0,	0,	0,	NULL,	NULL),
(5,	1,	'menu-premia-5.png',	'menu_premia.png',	NULL,	1,	'draft',	'image/png',	NULL,	13441,	'2012-12-05 14:42:33',	0,	0,	0,	NULL,	NULL),
(6,	2,	'flexographic-img-6.png',	'flexographic-img.png',	NULL,	1,	'draft',	'image/png',	NULL,	28581,	'2012-12-05 14:44:30',	0,	0,	0,	NULL,	NULL),
(7,	2,	'laminators-img-7.png',	'laminators-img.png',	NULL,	1,	'draft',	'image/png',	NULL,	22868,	'2012-12-05 14:44:30',	0,	0,	0,	NULL,	NULL),
(8,	2,	'slitter-img-8.png',	'slitter-img.png',	NULL,	1,	'draft',	'image/png',	NULL,	18772,	'2012-12-05 14:44:30',	0,	0,	0,	NULL,	NULL),
(9,	3,	'compglobe-menu-9.jpg',	'compglobe-menu.jpg',	NULL,	1,	'draft',	'image/jpeg',	NULL,	3023,	'2012-12-05 15:07:31',	0,	0,	0,	NULL,	NULL),
(10,	3,	'comphistory-menu-10.jpg',	'comphistory-menu.jpg',	NULL,	1,	'draft',	'image/jpeg',	NULL,	19896,	'2012-12-05 15:07:31',	0,	0,	0,	NULL,	NULL),
(11,	3,	'compowners-menu-11.jpg',	'compowners-menu.jpg',	NULL,	1,	'draft',	'image/jpeg',	NULL,	18496,	'2012-12-05 15:07:31',	0,	0,	0,	NULL,	NULL),
(12,	3,	'compvalues-menu-12.jpg',	'compvalues-menu.jpg',	NULL,	1,	'draft',	'image/jpeg',	NULL,	18629,	'2012-12-05 15:07:31',	0,	0,	0,	NULL,	NULL),
(13,	4,	'jiri-klimes-klimes-13.jpg',	'jiri-klimes.-klimes.jpg',	NULL,	1,	'draft',	'image/jpeg',	NULL,	23423,	'2012-12-05 15:25:50',	0,	0,	0,	NULL,	NULL),
(14,	4,	'katerina-pilna-a-14.jpg',	'katerina-pilna.a.jpg',	NULL,	1,	'draft',	'image/jpeg',	NULL,	15305,	'2012-12-05 15:25:50',	0,	0,	0,	NULL,	NULL),
(15,	4,	'marcel-kubicek-cek-15.jpg',	'marcel-kubicek.cek.jpg',	NULL,	1,	'draft',	'image/jpeg',	NULL,	18132,	'2012-12-05 15:25:50',	0,	0,	0,	NULL,	NULL),
(16,	4,	'milan-papacek-cek-16.jpg',	'milan-papacek.cek.jpg',	NULL,	1,	'draft',	'image/jpeg',	NULL,	17375,	'2012-12-05 15:25:50',	0,	0,	0,	NULL,	NULL),
(17,	5,	'drupa-17.png',	'drupa.png',	NULL,	1,	'draft',	'image/png',	NULL,	3267,	'2012-12-05 17:00:13',	0,	0,	0,	NULL,	NULL);

DROP TABLE IF EXISTS `cms_vd_folders`;
CREATE TABLE `cms_vd_folders` (
  `folder_id` int(11) NOT NULL AUTO_INCREMENT,
  `name` varchar(145) DEFAULT NULL,
  `nicename` varchar(145) DEFAULT NULL,
  `parent` int(11) DEFAULT '0',
  `has_child` int(1) DEFAULT '0',
  `added` timestamp NULL DEFAULT CURRENT_TIMESTAMP,
  `protected` int(1) DEFAULT '0',
  `editor_id` int(11) NOT NULL,
  `hidden` int(1) DEFAULT '0',
  PRIMARY KEY (`folder_id`)
) ENGINE=InnoDB DEFAULT CHARSET=utf8;

INSERT INTO `cms_vd_folders` (`folder_id`, `name`, `nicename`, `parent`, `has_child`, `added`, `protected`, `editor_id`, `hidden`) VALUES
(1,	'Eng - obrázky strojů',	'eng-obrazky-stroju',	0,	1,	'2012-12-05 14:42:10',	0,	0,	0),
(2,	'Eng - obrázky kategorií',	'eng-obrazky-kategorii',	0,	1,	'2012-12-05 14:44:20',	0,	0,	0),
(3,	'Eng - company profile',	'eng-company-profile',	0,	1,	'2012-12-05 15:05:59',	0,	0,	0),
(4,	'Eng - customer care - people',	'eng-customer-care-people',	0,	1,	'2012-12-05 15:25:19',	0,	0,	0),
(5,	'Eng - novinky - loga',	'eng-novinky-loga',	0,	1,	'2012-12-05 16:59:56',	0,	0,	0);

DROP TABLE IF EXISTS `cms_vd_pages_files`;
CREATE TABLE `cms_vd_pages_files` (
  `storage` varchar(15) NOT NULL,
  `page_id` int(11) NOT NULL,
  `id` int(11) NOT NULL,
  `property_name` varchar(30) DEFAULT 'NULL',
  KEY `id` (`id`),
  KEY `page_id` (`page_id`),
  CONSTRAINT `cms_vd_pages_files_ibfk_5` FOREIGN KEY (`page_id`) REFERENCES `cms_pages` (`page_id`) ON DELETE CASCADE ON UPDATE CASCADE
) ENGINE=InnoDB DEFAULT CHARSET=utf8;


DROP TABLE IF EXISTS `files`;
CREATE TABLE `files` (
  `id` int(10) unsigned NOT NULL AUTO_INCREMENT,
  `queueID` varchar(100) NOT NULL,
  `created` int(11) NOT NULL,
  `data` text NOT NULL,
  `chunk` int(11) NOT NULL DEFAULT '1',
  `chunks` int(11) NOT NULL DEFAULT '1',
  `name` varchar(255) NOT NULL,
  PRIMARY KEY (`id`)
) ENGINE=InnoDB DEFAULT CHARSET=utf8 COMMENT='MultipleFileUpload files';


-- 2012-12-06 16:22:03